bs,seq,nh,nkv,hd,t_measured_ms
1,64,4,1,64,0.017415964975953102
1,64,4,1,128,0.017837039195001125
1,64,4,2,64,0.01726602204144001
1,64,4,2,128,0.01759605947881937
1,64,4,4,64,0.01716497354209423
1,64,4,4,128,0.01754600089043379
1,64,8,1,64,0.017205020412802696
1,64,8,1,128,0.017717014998197556
1,64,8,2,64,0.017304904758930206
1,64,8,2,128,0.017726910300552845
1,64,8,4,64,0.017316080629825592
1,64,8,4,128,0.017666025087237358
1,64,16,1,64,0.017315964214503765
1,64,16,1,128,0.017706071957945824
1,64,16,2,64,0.017286045476794243
1,64,16,2,128,0.01768604852259159
1,64,16,4,64,0.017236103303730488
1,64,16,4,128,0.01765601336956024
1,64,32,1,64,0.01739594154059887
1,64,32,1,128,0.01777603756636381
1,64,32,2,64,0.017375918105244637
1,64,32,2,128,0.017755897715687752
1,64,32,4,64,0.016283942386507988
1,64,32,4,128,0.017735990695655346
1,128,4,1,64,0.017075915820896626
1,128,4,1,128,0.02100097481161356
1,128,4,2,64,0.01713505480438471
1,128,4,2,128,0.020881067030131817
1,128,4,4,64,0.017084996215999126
1,128,4,4,128,0.020890962332487106
1,128,8,1,64,0.017215032130479813
1,128,8,1,128,0.020831008441746235
1,128,8,2,64,0.01713493838906288
1,128,8,2,128,0.02091203350573778
1,128,8,4,64,0.01668499317020178
1,128,8,4,128,0.019118073396384716
1,128,16,1,64,0.015393015928566456
1,128,16,1,128,0.020861043594777584
1,128,16,2,64,0.017205020412802696
1,128,16,2,128,0.020920997485518456
1,128,16,4,64,0.017186044715344906
1,128,16,4,128,0.02085999585688114
1,128,32,1,64,0.017224927432835102
1,128,32,1,128,0.020890962332487106
1,128,32,2,64,0.017235055565834045
1,128,32,2,128,0.02094102092087269
1,128,32,4,64,0.01723598688840866
1,128,32,4,128,0.020951032638549805
1,256,4,1,64,0.019628903828561306
1,256,4,1,128,0.023415079340338707
1,256,4,2,64,0.01788698136806488
1,256,4,2,128,0.023334985598921776
1,256,4,4,64,0.01954904291778803
1,256,4,4,128,0.02344499807804823
1,256,8,1,64,0.0196180772036314
1,256,8,1,128,0.021542073227465153
1,256,8,2,64,0.01870805863291025
1,256,8,2,128,0.02344499807804823
1,256,8,4,64,0.01956906635314226
1,256,8,4,128,0.023465021513402462
1,256,16,1,64,0.019628903828561306
1,256,16,1,128,0.023515080101788044
1,256,16,2,64,0.019640079699456692
1,256,16,2,128,0.0235049519687891
1,256,16,4,64,0.019558938220143318
1,256,16,4,128,0.02344499807804823
1,256,32,1,64,0.019619008526206017
1,256,32,1,128,0.029604067094624043
1,256,32,2,64,0.019629020243883133
1,256,32,2,128,0.03174692392349243
1,256,32,4,64,0.019629020243883133
1,256,32,4,128,0.03167707473039627
1,512,4,1,64,0.023465021513402462
1,512,4,1,128,0.024495995603501797
1,512,4,2,64,0.023194937966763973
1,512,4,2,128,0.024326960556209087
1,512,4,4,64,0.022493069991469383
1,512,4,4,128,0.02352509181946516
1,512,8,1,64,0.02247304655611515
1,512,8,1,128,0.030635972507297993
1,512,8,2,64,0.023465021513402462
1,512,8,2,128,0.03063492476940155
1,512,8,4,64,0.023465021513402462
1,512,8,4,128,0.030635041184723377
1,512,16,1,64,0.027621048502624035
1,512,16,1,128,0.037816003896296024
1,512,16,2,64,0.027560978196561337
1,512,16,2,128,0.037816003896296024
1,512,16,4,64,0.027570989914238453
1,512,16,4,128,0.03780599217861891
1,512,32,1,64,0.024687033146619797
1,512,32,1,128,0.05518202669918537
1,512,32,2,64,0.024675973691046238
1,512,32,2,128,0.055202050134539604
1,512,32,4,64,0.024726963602006435
1,512,32,4,128,0.055212993174791336
1,1024,4,1,64,0.027270987629890442
1,1024,4,1,128,0.03554299473762512
1,1024,4,2,64,0.027560978196561337
1,1024,4,2,128,0.03667408600449562
1,1024,4,4,64,0.02657901495695114
1,1024,4,4,128,0.03588409163057804
1,1024,8,1,64,0.032588024623692036
1,1024,8,1,128,0.053870026022195816
1,1024,8,2,64,0.03278802614659071
1,1024,8,2,128,0.05326909013092518
1,1024,8,4,64,0.0327590387314558
1,1024,8,4,128,0.05415093619376421
1,1024,16,1,64,0.04900305066257715
1,1024,16,1,128,0.07257796823978424
1,1024,16,2,64,0.047700945287942886
1,1024,16,2,128,0.07177609950304031
1,1024,16,4,64,0.048993038944900036
1,1024,16,4,128,0.07209705654531717
1,1024,32,1,64,0.050445087254047394
1,1024,32,1,128,0.09472097735852003
1,1024,32,2,64,0.050634960643947124
1,1024,32,2,128,0.09449094068259001
1,1024,32,4,64,0.05066592711955309
1,1024,32,4,128,0.09463098831474781
1,2048,4,1,64,0.0470699742436409
1,2048,4,1,128,0.07264805026352406
1,2048,4,2,64,0.04701002035290003
1,2048,4,2,128,0.07250800263136625
1,2048,4,4,64,0.04799105226993561
1,2048,4,4,128,0.07262697909027338
1,2048,8,1,64,0.06344506982713938
1,2048,8,1,128,0.10846101213246584
1,2048,8,2,64,0.06434600800275803
1,2048,8,2,128,0.1076599583029747
1,2048,8,4,64,0.06343401037156582
1,2048,8,4,128,0.1085010590031743
1,2048,16,1,64,0.08917204104363918
1,2048,16,1,128,0.16495399177074432
1,2048,16,2,64,0.0954819843173027
1,2048,16,2,128,0.165045028552413
1,2048,16,4,64,0.08898205123841763
1,2048,16,4,128,0.16487494576722383
1,2048,32,1,64,0.12358289677649736
1,2048,32,1,128,0.24019600823521614
1,2048,32,2,64,0.122882891446352
1,2048,32,2,128,0.23937493097037077
1,2048,32,4,64,0.12311304453760386
1,2048,32,4,128,0.23999693803489208
1,3358,4,1,64,0.07654400542378426
1,3358,4,1,128,0.12078892905265093
1,3358,4,2,64,0.07371907122433186
1,3358,4,2,128,0.13332802336663008
1,3358,4,4,64,0.0766729936003685
1,3358,4,4,128,0.12133002746850252
1,3358,8,1,64,0.13123499229550362
1,3358,8,1,128,0.250502023845911
1,3358,8,2,64,0.13119506184011698
1,3358,8,2,128,0.2502509159967303
1,3358,8,4,64,0.13131496962159872
1,3358,8,4,128,0.2503519644960761
1,3358,16,1,64,0.19042205531150103
1,3358,16,1,128,0.36688498221337795
1,3358,16,2,64,0.1905130920931697
1,3358,16,2,128,0.3667649580165744
1,3358,16,4,64,0.19066303502768278
1,3358,16,4,128,0.36680407356470823
1,3358,32,1,64,0.3004560712724924
1,3358,32,1,128,0.5970869679003954
1,3358,32,2,64,0.30296004842966795
1,3358,32,2,128,0.5994500825181603
1,3358,32,4,64,0.3030799562111497
1,3358,32,4,128,0.5988690536469221
1,4096,4,1,64,0.0983760692179203
1,4096,4,1,128,0.17815397586673498
1,4096,4,2,64,0.0983159989118576
1,4096,4,2,128,0.1780940219759941
1,4096,4,4,64,0.09819504339247942
1,4096,4,4,128,0.17799402121454477
1,4096,8,1,64,0.15618198085576296
1,4096,8,1,128,0.3079470479860902
1,4096,8,2,64,0.1560710370540619
1,4096,8,2,128,0.3079070011153817
1,4096,8,4,64,0.15625194646418095
1,4096,8,4,128,0.3080279566347599
1,4096,16,1,64,0.2288389950990677
1,4096,16,1,128,0.4532129969447851
1,4096,16,2,64,0.2283290959894657
1,4096,16,2,128,0.454464927315712
1,4096,16,4,64,0.22810895461589098
1,4096,16,4,128,0.4544740077108145
1,4096,32,1,64,0.4348559305071831
1,4096,32,1,128,0.8904619608074427
1,4096,32,2,64,0.43441494926810265
1,4096,32,2,128,0.891753938049078
1,4096,32,4,64,0.4346460336819291
1,4096,32,4,128,0.8916439255699515
1,4553,4,1,64,0.11661299504339695
1,4553,4,1,128,0.1862869830802083
1,4553,4,2,64,0.1163530396297574
1,4553,4,2,128,0.18616602756083012
1,4553,4,4,64,0.11678400915116072
1,4553,4,4,128,0.18608593381941319
1,4553,8,1,64,0.16900105401873589
1,4553,8,1,128,0.33158191945403814
1,4553,8,2,64,0.1690309727564454
1,4553,8,2,128,0.33235305454581976
1,4553,8,4,64,0.16928196419030428
1,4553,8,4,128,0.33152196556329727
1,4553,16,1,64,0.3233000170439482
1,4553,16,1,128,0.6477009737864137
1,4553,16,2,64,0.3238499630242586
1,4553,16,2,128,0.6477610440924764
1,4553,16,4,64,0.32271898817270994
1,4553,16,4,128,0.6477220449596643
1,4553,32,1,64,0.5474829813465476
1,4553,32,1,128,1.1223870096728206
1,4553,32,2,64,0.5472729681059718
1,4553,32,2,128,1.1234679259359837
1,4553,32,4,64,0.5475840298458934
1,4553,32,4,128,1.1229170486330986
1,8192,4,1,64,0.29519794043153524
1,8192,4,1,128,0.5911580519750714
1,8192,4,2,64,0.2954290248453617
1,8192,4,2,128,0.589284929446876
1,8192,4,4,64,0.2939460100606084
1,8192,4,4,128,0.5891639739274979
1,8192,8,1,64,0.4375498974695802
1,8192,8,1,128,0.8755899034440517
1,8192,8,2,64,0.43914199341088533
1,8192,8,2,128,0.8764020167291164
1,8192,8,4,64,0.43767900206148624
1,8192,8,4,128,0.8749390253797174
1,8192,16,1,64,0.8388860151171684
1,8192,16,1,128,1.7308199312537909
1,8192,16,2,64,0.8464070269837976
1,8192,16,2,128,1.7433889443054795
1,8192,16,4,64,0.8493509376421571
1,8192,16,4,128,1.7384309321641922
1,8192,32,1,64,1.5499609289690852
1,8192,32,1,128,3.307691076770425
1,8192,32,2,64,1.602008007466793
1,8192,32,2,128,3.322863020002842
1,8192,32,4,64,1.6034310683608055
1,8192,32,4,128,3.3349819714203477
1,8397,4,1,64,0.29732193797826767
1,8397,4,1,128,0.5946530727669597
1,8397,4,2,64,0.297421938739717
1,8397,4,2,128,0.5948130274191499
1,8397,4,4,64,0.2962199505418539
1,8397,4,4,128,0.5924899596720934
1,8397,8,1,64,0.43974292930215597
1,8397,8,1,128,0.8732369169592857
1,8397,8,2,64,0.4359269514679909
1,8397,8,2,128,0.8724350482225418
1,8397,8,4,64,0.4361380124464631
1,8397,8,4,128,0.8758209878578782
1,8397,16,1,64,0.85645099170506
1,8397,16,1,128,1.7573690274730325
1,8397,16,2,64,0.8627210045233369
1,8397,16,2,128,1.7629869980737567
1,8397,16,4,64,0.8654249832034111
1,8397,16,4,128,1.7701680772006512
1,8397,32,1,64,1.7288170056417584
1,8397,32,1,128,3.5423689987510443
1,8397,32,2,64,1.7298689344897866
1,8397,32,2,128,3.538834978826344
1,8397,32,4,64,1.7312699928879738
1,8397,32,4,128,3.5430199932307005
1,10446,4,1,64,0.36881701089441776
1,10446,4,1,128,0.7341400487348437
1,10446,4,2,64,0.36787695717066526
1,10446,4,2,128,0.7326069753617048
1,10446,4,4,64,0.36654400173574686
1,10446,4,4,128,0.731957028619945
1,10446,8,1,64,0.7140309317037463
1,10446,8,1,128,1.4438140206038952
1,10446,8,2,64,0.7110149599611759
1,10446,8,2,128,1.4379550702869892
1,10446,8,4,64,0.7104150718078017
1,10446,8,4,128,1.4349410776048899
1,10446,16,1,64,1.2392099015414715
1,10446,16,1,128,2.583155990578234
1,10446,16,2,64,1.2755339266732335
1,10446,16,2,128,2.6239450089633465
1,10446,16,4,64,1.2777779484167695
1,10446,16,4,128,2.6271010283380747
1,10446,32,1,64,2.570356009528041
1,10446,32,1,128,5.240691010840237
1,10446,32,2,64,2.5725889718160033
1,10446,32,2,128,5.240761092863977
1,10446,32,4,64,2.5719290133565664
1,10446,32,4,128,5.247080000117421
1,14267,4,1,64,0.742302043363452
1,14267,4,1,128,1.4807680854573846
1,14267,4,2,64,0.736132962629199
1,14267,4,2,128,1.4565630117431283
1,14267,4,4,64,0.7263890001922846
1,14267,4,4,128,1.4505040599033237
1,14267,8,1,64,1.179601065814495
1,14267,8,1,128,2.418091055005789
1,14267,8,2,64,1.218438963405788
1,14267,8,2,128,2.4752040626481175
1,14267,8,4,64,1.2291150633245707
1,14267,8,4,128,2.4800930405035615
1,14267,16,1,64,2.436949056573212
1,14267,16,1,128,4.9972389824688435
1,14267,16,2,64,2.4402940180152655
1,14267,16,2,128,4.994034999981523
1,14267,16,4,64,2.4393820203840733
1,14267,16,4,128,4.9872639356181026
1,14267,32,1,64,4.888057941570878
1,14267,32,1,128,9.966467972844839
1,14267,32,2,64,4.889279021881521
1,14267,32,2,128,9.952327003702521
1,14267,32,4,64,4.890321055427194
1,14267,32,4,128,9.937764960341156
1,16384,4,1,64,0.8770120330154896
1,16384,4,1,128,1.759301987476647
1,16384,4,2,64,0.8746689418330789
1,16384,4,2,128,1.7538440879434347
1,16384,4,4,64,0.8719749748706818
1,16384,4,4,128,1.7520110122859478
1,16384,8,1,64,1.698673004284501
1,16384,8,1,128,3.481470048427582
1,16384,8,2,64,1.695237006060779
1,16384,8,2,128,3.48180893342942
1,16384,8,4,64,1.6954970778897405
1,16384,8,4,128,3.4847439965233207
1,16384,16,1,64,3.151849959976971
1,16384,16,1,128,6.597465951927006
1,16384,16,2,64,3.1956450548022985
1,16384,16,2,128,6.605016998946667
1,16384,16,4,64,3.202164894901216
1,16384,16,4,128,6.608633091673255
1,16384,32,1,64,6.382726016454399
1,16384,32,1,128,13.188721961341798
1,16384,32,2,64,6.384039064869285
1,16384,32,2,128,13.195192092098296
1,16384,32,4,64,6.3830469734966755
1,16384,32,4,128,13.191096018999815
