M,N,K,t_measured_ms
2,256,256,0.014941906556487083
2,256,512,0.016764039173722267
2,256,1024,0.01744600012898445
2,256,2048,0.018727034330368042
2,256,2885,-1.0
2,256,4096,0.021371990442276
2,256,6227,-1.0
2,256,8192,0.021502026356756687
2,256,12632,-1.0
2,256,13940,-1.0
2,256,15254,-1.0
2,256,16384,0.022032996639609337
2,512,256,0.01641490962356329
2,512,512,0.01665495801717043
2,512,1024,0.017335987649857998
2,512,2048,0.018727965652942657
2,512,2885,-1.0
2,512,4096,0.020159990526735783
2,512,6227,-1.0
2,512,8192,0.02344499807804823
2,512,12632,-1.0
2,512,13940,-1.0
2,512,15254,-1.0
2,512,16384,0.022573978640139103
2,1024,256,0.016375095583498478
2,1024,512,0.016683945432305336
2,1024,1024,0.017375918105244637
2,1024,2048,0.018768012523651123
2,1024,2885,-1.0
2,1024,4096,0.020210049115121365
2,1024,6227,-1.0
2,1024,8192,0.022061984054744244
2,1024,12632,-1.0
2,1024,13940,-1.0
2,1024,15254,-1.0
2,1024,16384,0.023314962163567543
2,2048,256,0.016483943909406662
2,2048,512,0.01729605719447136
2,2048,1024,0.017505954019725323
2,2048,2048,0.01874798908829689
2,2048,2885,-1.0
2,2048,4096,0.02079096157103777
2,2048,6227,-1.0
2,2048,8192,0.02209295053035021
2,2048,12632,-1.0
2,2048,13940,-1.0
2,2048,15254,-1.0
2,2048,16384,0.02509704791009426
2,2127,256,-1.0
2,2127,512,-1.0
2,2127,1024,-1.0
2,2127,2048,-1.0
2,2127,2885,-1.0
2,2127,4096,-1.0
2,2127,6227,-1.0
2,2127,8192,-1.0
2,2127,12632,-1.0
2,2127,13940,-1.0
2,2127,15254,-1.0
2,2127,16384,-1.0
2,4096,256,0.016805017367005348
2,4096,512,0.017366022802889347
2,4096,1024,0.018207007087767124
2,4096,2048,0.020129955373704433
2,4096,2885,-1.0
2,4096,4096,0.02158200368285179
2,4096,6227,-1.0
2,4096,8192,0.024667009711265564
2,4096,12632,-1.0
2,4096,13940,-1.0
2,4096,15254,-1.0
2,4096,16384,0.030415947549045086
2,5268,256,-1.0
2,5268,512,-1.0
2,5268,1024,-1.0
2,5268,2048,-1.0
2,5268,2885,-1.0
2,5268,4096,-1.0
2,5268,6227,-1.0
2,5268,8192,-1.0
2,5268,12632,-1.0
2,5268,13940,-1.0
2,5268,15254,-1.0
2,5268,16384,-1.0
2,8192,256,0.016874982975423336
2,8192,512,0.017486046999692917
2,8192,1024,0.016564037650823593
2,8192,2048,0.019439030438661575
2,8192,2885,-1.0
2,8192,4096,0.0230640871450305
2,8192,6227,-1.0
2,8192,8192,0.029293936677277088
2,8192,12632,-1.0
2,8192,13940,-1.0
2,8192,15254,-1.0
2,8192,16384,0.049964990466833115
2,9372,256,-1.0
2,9372,512,-1.0
2,9372,1024,-1.0
2,9372,2048,-1.0
2,9372,2885,-1.0
2,9372,4096,-1.0
2,9372,6227,-1.0
2,9372,8192,-1.0
2,9372,12632,-1.0
2,9372,13940,-1.0
2,9372,15254,-1.0
2,9372,16384,-1.0
2,13896,256,-1.0
2,13896,512,-1.0
2,13896,1024,-1.0
2,13896,2048,-1.0
2,13896,2885,-1.0
2,13896,4096,-1.0
2,13896,6227,-1.0
2,13896,8192,-1.0
2,13896,12632,-1.0
2,13896,13940,-1.0
2,13896,15254,-1.0
2,13896,16384,-1.0
2,14440,256,-1.0
2,14440,512,-1.0
2,14440,1024,-1.0
2,14440,2048,-1.0
2,14440,2885,-1.0
2,14440,4096,-1.0
2,14440,6227,-1.0
2,14440,8192,-1.0
2,14440,12632,-1.0
2,14440,13940,-1.0
2,14440,15254,-1.0
2,14440,16384,-1.0
2,16384,256,0.01766590867191553
2,16384,512,0.018947990611195564
2,16384,1024,0.0203009694814682
2,16384,2048,0.024175969883799553
2,16384,2885,-1.0
2,16384,4096,0.031736912205815315
2,16384,6227,-1.0
2,16384,8192,0.04767999053001404
2,16384,12632,-1.0
2,16384,13940,-1.0
2,16384,15254,-1.0
2,16384,16384,0.20213995594531298
4,256,256,0.016223988495767117
4,256,512,0.015662983059883118
4,256,1024,0.017174985259771347
4,256,2048,0.018647988326847553
4,256,2885,-1.0
4,256,4096,0.021092011593282223
4,256,6227,-1.0
4,256,8192,0.02247304655611515
4,256,12632,-1.0
4,256,13940,-1.0
4,256,15254,-1.0
4,256,16384,0.02220296300947666
4,512,256,0.01476204488426447
4,512,512,0.01663400325924158
4,512,1024,0.017345999367535114
4,512,2048,0.01865800004452467
4,512,2885,-1.0
4,512,4096,0.0201700022444129
4,512,6227,-1.0
4,512,8192,0.023434986360371113
4,512,12632,-1.0
4,512,13940,-1.0
4,512,15254,-1.0
4,512,16384,0.022592954337596893
4,1024,256,0.016404082998633385
4,1024,512,0.01685507595539093
4,1024,1024,0.017405953258275986
4,1024,2048,0.018797931261360645
4,1024,2885,-1.0
4,1024,4096,0.020309933461248875
4,1024,6227,-1.0
4,1024,8192,0.021993066184222698
4,1024,12632,-1.0
4,1024,13940,-1.0
4,1024,15254,-1.0
4,1024,16384,0.02334394957870245
4,2048,256,0.01639395486563444
4,2048,512,0.016764970496296883
4,2048,1024,0.017465907149016857
4,2048,2048,0.01877802424132824
4,2048,2885,-1.0
4,2048,4096,0.020730076357722282
4,2048,6227,-1.0
4,2048,8192,0.02205302007496357
4,2048,12632,-1.0
4,2048,13940,-1.0
4,2048,15254,-1.0
4,2048,16384,0.025258050300180912
4,2127,256,-1.0
4,2127,512,-1.0
4,2127,1024,-1.0
4,2127,2048,-1.0
4,2127,2885,-1.0
4,2127,4096,-1.0
4,2127,6227,-1.0
4,2127,8192,-1.0
4,2127,12632,-1.0
4,2127,13940,-1.0
4,2127,15254,-1.0
4,2127,16384,-1.0
4,4096,256,0.016795005649328232
4,4096,512,0.017216079868376255
4,4096,1024,0.017435988411307335
4,4096,2048,0.01883797813206911
4,4096,2885,-1.0
4,4096,4096,0.02393603790551424
4,4096,6227,-1.0
4,4096,8192,0.023775966838002205
4,4096,12632,-1.0
4,4096,13940,-1.0
4,4096,15254,-1.0
4,4096,16384,0.030675088055431843
4,5268,256,-1.0
4,5268,512,-1.0
4,5268,1024,-1.0
4,5268,2048,-1.0
4,5268,2885,-1.0
4,5268,4096,-1.0
4,5268,6227,-1.0
4,5268,8192,-1.0
4,5268,12632,-1.0
4,5268,13940,-1.0
4,5268,15254,-1.0
4,5268,16384,-1.0
4,8192,256,0.017045065760612488
4,8192,512,0.01725496258586645
4,8192,1024,0.01779699232429266
4,8192,2048,0.019779079593718052
4,8192,2885,-1.0
4,8192,4096,0.02430600579828024
4,8192,6227,-1.0
4,8192,8192,0.029413960874080658
4,8192,12632,-1.0
4,8192,13940,-1.0
4,8192,15254,-1.0
4,8192,16384,0.05072506610304117
4,9372,256,-1.0
4,9372,512,-1.0
4,9372,1024,-1.0
4,9372,2048,-1.0
4,9372,2885,-1.0
4,9372,4096,-1.0
4,9372,6227,-1.0
4,9372,8192,-1.0
4,9372,12632,-1.0
4,9372,13940,-1.0
4,9372,15254,-1.0
4,9372,16384,-1.0
4,13896,256,-1.0
4,13896,512,-1.0
4,13896,1024,-1.0
4,13896,2048,-1.0
4,13896,2885,-1.0
4,13896,4096,-1.0
4,13896,6227,-1.0
4,13896,8192,-1.0
4,13896,12632,-1.0
4,13896,13940,-1.0
4,13896,15254,-1.0
4,13896,16384,-1.0
4,14440,256,-1.0
4,14440,512,-1.0
4,14440,1024,-1.0
4,14440,2048,-1.0
4,14440,2885,-1.0
4,14440,4096,-1.0
4,14440,6227,-1.0
4,14440,8192,-1.0
4,14440,12632,-1.0
4,14440,13940,-1.0
4,14440,15254,-1.0
4,14440,16384,-1.0
4,16384,256,0.01768604852259159
4,16384,512,0.018838094547390938
4,16384,1024,0.02022006083279848
4,16384,2048,0.024085980840027332
4,16384,2885,-1.0
4,16384,4096,0.03162701614201069
4,16384,6227,-1.0
4,16384,8192,0.04707009065896273
4,16384,12632,-1.0
4,16384,13940,-1.0
4,16384,15254,-1.0
4,16384,16384,0.20225998014211655
8,256,256,0.016214093193411827
8,256,512,0.016635050997138023
8,256,1024,0.017406069673597813
8,256,2048,0.018758000805974007
8,256,2885,-1.0
8,256,4096,0.021392013877630234
8,256,6227,-1.0
8,256,8192,0.021100975573062897
8,256,12632,-1.0
8,256,13940,-1.0
8,256,15254,-1.0
8,256,16384,0.022153020836412907
8,512,256,0.01634389627724886
8,512,512,0.016693957149982452
8,512,1024,0.01732597593218088
8,512,2048,0.01694506499916315
8,512,2885,-1.0
8,512,4096,0.019658938981592655
8,512,6227,-1.0
8,512,8192,0.02110202331095934
8,512,12632,-1.0
8,512,13940,-1.0
8,512,15254,-1.0
8,512,16384,0.022573047317564487
8,1024,256,0.01633400097489357
8,1024,512,0.016754958778619766
8,1024,1024,0.017395010218024254
8,1024,2048,0.018768012523651123
8,1024,2885,-1.0
8,1024,4096,0.020270003005862236
8,1024,6227,-1.0
8,1024,8192,0.02344499807804823
8,1024,12632,-1.0
8,1024,13940,-1.0
8,1024,15254,-1.0
8,1024,16384,0.023404951207339764
8,2048,256,0.016695004887878895
8,2048,512,0.01713505480438471
8,2048,1024,0.017466023564338684
8,2048,2048,0.01877802424132824
8,2048,2885,-1.0
8,2048,4096,0.020309933461248875
8,2048,6227,-1.0
8,2048,8192,0.021931948140263557
8,2048,12632,-1.0
8,2048,13940,-1.0
8,2048,15254,-1.0
8,2048,16384,0.025728018954396248
8,2127,256,-1.0
8,2127,512,-1.0
8,2127,1024,-1.0
8,2127,2048,-1.0
8,2127,2885,-1.0
8,2127,4096,-1.0
8,2127,6227,-1.0
8,2127,8192,-1.0
8,2127,12632,-1.0
8,2127,13940,-1.0
8,2127,15254,-1.0
8,2127,16384,-1.0
8,4096,256,0.016824924387037754
8,4096,512,0.016884994693100452
8,4096,1024,0.017455080524086952
8,4096,2048,0.018798047676682472
8,4096,2885,-1.0
8,4096,4096,0.02161203883588314
8,4096,6227,-1.0
8,4096,8192,0.02713093999773264
8,4096,12632,-1.0
8,4096,13940,-1.0
8,4096,15254,-1.0
8,4096,16384,0.031316070817410946
8,5268,256,-1.0
8,5268,512,-1.0
8,5268,1024,-1.0
8,5268,2048,-1.0
8,5268,2885,-1.0
8,5268,4096,-1.0
8,5268,6227,-1.0
8,5268,8192,-1.0
8,5268,12632,-1.0
8,5268,13940,-1.0
8,5268,15254,-1.0
8,5268,16384,-1.0
8,8192,256,0.016875099390745163
8,8192,512,0.017184996977448463
8,8192,1024,0.016664969734847546
8,8192,2048,0.02013996709138155
8,8192,2885,-1.0
8,8192,4096,0.024676090106368065
8,8192,6227,-1.0
8,8192,8192,0.02968392800539732
8,8192,12632,-1.0
8,8192,13940,-1.0
8,8192,15254,-1.0
8,8192,16384,0.05081505514681339
8,9372,256,-1.0
8,9372,512,-1.0
8,9372,1024,-1.0
8,9372,2048,-1.0
8,9372,2885,-1.0
8,9372,4096,-1.0
8,9372,6227,-1.0
8,9372,8192,-1.0
8,9372,12632,-1.0
8,9372,13940,-1.0
8,9372,15254,-1.0
8,9372,16384,-1.0
8,13896,256,-1.0
8,13896,512,-1.0
8,13896,1024,-1.0
8,13896,2048,-1.0
8,13896,2885,-1.0
8,13896,4096,-1.0
8,13896,6227,-1.0
8,13896,8192,-1.0
8,13896,12632,-1.0
8,13896,13940,-1.0
8,13896,15254,-1.0
8,13896,16384,-1.0
8,14440,256,-1.0
8,14440,512,-1.0
8,14440,1024,-1.0
8,14440,2048,-1.0
8,14440,2885,-1.0
8,14440,4096,-1.0
8,14440,6227,-1.0
8,14440,8192,-1.0
8,14440,12632,-1.0
8,14440,13940,-1.0
8,14440,15254,-1.0
8,14440,16384,-1.0
8,16384,256,0.017496058717370033
8,16384,512,0.017105950973927975
8,16384,1024,0.02022006083279848
8,16384,2048,0.023665023036301136
8,16384,2885,-1.0
8,16384,4096,0.03059499431401491
8,16384,6227,-1.0
8,16384,8192,0.0471300445497036
8,16384,12632,-1.0
8,16384,13940,-1.0
8,16384,15254,-1.0
8,16384,16384,0.20194996614009142
16,256,256,0.016184058040380478
16,256,512,0.016695004887878895
16,256,1024,0.017315964214503765
16,256,2048,0.018678023479878902
16,256,2885,-1.0
16,256,4096,0.02022006083279848
16,256,6227,-1.0
16,256,8192,0.021061976440250874
16,256,12632,-1.0
16,256,13940,-1.0
16,256,15254,-1.0
16,256,16384,0.02193299587816
16,512,256,0.016663921996951103
16,512,512,0.016674981452524662
16,512,1024,0.017486046999692917
16,512,2048,0.018737977370619774
16,512,2885,-1.0
16,512,4096,0.02140202559530735
16,512,6227,-1.0
16,512,8192,0.021302024833858013
16,512,12632,-1.0
16,512,13940,-1.0
16,512,15254,-1.0
16,512,16384,0.02258399035781622
16,1024,256,0.015762983821332455
16,1024,512,0.016795005649328232
16,1024,1024,0.01559301745146513
16,1024,2048,0.016995007172226906
16,1024,2885,-1.0
16,1024,4096,0.020180013962090015
16,1024,6227,-1.0
16,1024,8192,0.02344499807804823
16,1024,12632,-1.0
16,1024,13940,-1.0
16,1024,15254,-1.0
16,1024,16384,0.02550799399614334
16,2048,256,0.01673505175858736
16,2048,512,0.016815029084682465
16,2048,1024,0.017435988411307335
16,2048,2048,0.018817954696714878
16,2048,2885,-1.0
16,2048,4096,0.02034008502960205
16,2048,6227,-1.0
16,2048,8192,0.022202031686902046
16,2048,12632,-1.0
16,2048,13940,-1.0
16,2048,15254,-1.0
16,2048,16384,0.02671999391168356
16,2127,256,-1.0
16,2127,512,-1.0
16,2127,1024,-1.0
16,2127,2048,-1.0
16,2127,2885,-1.0
16,2127,4096,-1.0
16,2127,6227,-1.0
16,2127,8192,-1.0
16,2127,12632,-1.0
16,2127,13940,-1.0
16,2127,15254,-1.0
16,2127,16384,-1.0
16,4096,256,0.016774050891399384
16,4096,512,0.01692492514848709
16,4096,1024,0.017406069673597813
16,4096,2048,0.018937978893518448
16,4096,2885,-1.0
16,4096,4096,0.021661981008946896
16,4096,6227,-1.0
16,4096,8192,0.02514792140573263
16,4096,12632,-1.0
16,4096,13940,-1.0
16,4096,15254,-1.0
16,4096,16384,0.03251899033784866
16,5268,256,-1.0
16,5268,512,-1.0
16,5268,1024,-1.0
16,5268,2048,-1.0
16,5268,2885,-1.0
16,5268,4096,-1.0
16,5268,6227,-1.0
16,5268,8192,-1.0
16,5268,12632,-1.0
16,5268,13940,-1.0
16,5268,15254,-1.0
16,5268,16384,-1.0
16,8192,256,0.01686497125774622
16,8192,512,0.01714599784463644
16,8192,1024,0.018407008610665798
16,8192,2048,0.023394008167088032
16,8192,2885,-1.0
16,8192,4096,0.02467702142894268
16,8192,6227,-1.0
16,8192,8192,0.030566006898880005
16,8192,12632,-1.0
16,8192,13940,-1.0
16,8192,15254,-1.0
16,8192,16384,0.05337002221494913
16,9372,256,-1.0
16,9372,512,-1.0
16,9372,1024,-1.0
16,9372,2048,-1.0
16,9372,2885,-1.0
16,9372,4096,-1.0
16,9372,6227,-1.0
16,9372,8192,-1.0
16,9372,12632,-1.0
16,9372,13940,-1.0
16,9372,15254,-1.0
16,9372,16384,-1.0
16,13896,256,-1.0
16,13896,512,-1.0
16,13896,1024,-1.0
16,13896,2048,-1.0
16,13896,2885,-1.0
16,13896,4096,-1.0
16,13896,6227,-1.0
16,13896,8192,-1.0
16,13896,12632,-1.0
16,13896,13940,-1.0
16,13896,15254,-1.0
16,13896,16384,-1.0
16,14440,256,-1.0
16,14440,512,-1.0
16,14440,1024,-1.0
16,14440,2048,-1.0
16,14440,2885,-1.0
16,14440,4096,-1.0
16,14440,6227,-1.0
16,14440,8192,-1.0
16,14440,12632,-1.0
16,14440,13940,-1.0
16,14440,15254,-1.0
16,14440,16384,-1.0
16,16384,256,0.017184996977448463
16,16384,512,0.01847802195698023
16,16384,1024,0.01998001243919134
16,16384,2048,0.023494940251111984
16,16384,2885,-1.0
16,16384,4096,0.03054493572562933
16,16384,6227,-1.0
16,16384,8192,0.04836206790059805
16,16384,12632,-1.0
16,16384,13940,-1.0
16,16384,15254,-1.0
16,16384,16384,0.20042702089995146
32,256,256,0.016383943147957325
32,256,512,0.017115031369030476
32,256,1024,0.017335987649857998
32,256,2048,0.018637976609170437
32,256,2885,-1.0
32,256,4096,0.021422049030661583
32,256,6227,-1.0
32,256,8192,0.021220999769866467
32,256,12632,-1.0
32,256,13940,-1.0
32,256,15254,-1.0
32,256,16384,0.02211297396570444
32,512,256,0.016474048607051373
32,512,512,0.016794889234006405
32,512,1024,0.01742597669363022
32,512,2048,0.01877802424132824
32,512,2885,-1.0
32,512,4096,0.02140202559530735
32,512,6227,-1.0
32,512,8192,0.021302024833858013
32,512,12632,-1.0
32,512,13940,-1.0
32,512,15254,-1.0
32,512,16384,0.02279400359839201
32,1024,256,0.016424921341240406
32,1024,512,0.016814912669360638
32,1024,1024,0.01729605719447136
32,1024,2048,0.01880794297903776
32,1024,2885,-1.0
32,1024,4096,0.020419945940375328
32,1024,6227,-1.0
32,1024,8192,0.023465021513402462
32,1024,12632,-1.0
32,1024,13940,-1.0
32,1024,15254,-1.0
32,1024,16384,0.02548797056078911
32,2048,256,0.01673505175858736
32,2048,512,0.015033059753477573
32,2048,1024,0.0157130416482687
32,2048,2048,0.018847989849746227
32,2048,2885,-1.0
32,2048,4096,0.020429957658052444
32,2048,6227,-1.0
32,2048,8192,0.02229306846857071
32,2048,12632,-1.0
32,2048,13940,-1.0
32,2048,15254,-1.0
32,2048,16384,0.028221984393894672
32,2127,256,-1.0
32,2127,512,-1.0
32,2127,1024,-1.0
32,2127,2048,-1.0
32,2127,2885,-1.0
32,2127,4096,-1.0
32,2127,6227,-1.0
32,2127,8192,-1.0
32,2127,12632,-1.0
32,2127,13940,-1.0
32,2127,15254,-1.0
32,2127,16384,-1.0
32,4096,256,0.016514095477759838
32,4096,512,0.016815029084682465
32,4096,1024,0.017516082152724266
32,4096,2048,0.018937978893518448
32,4096,2885,-1.0
32,4096,4096,0.02161203883588314
32,4096,6227,-1.0
32,4096,8192,0.026469002477824688
32,4096,12632,-1.0
32,4096,13940,-1.0
32,4096,15254,-1.0
32,4096,16384,0.03605394158512354
32,5268,256,-1.0
32,5268,512,-1.0
32,5268,1024,-1.0
32,5268,2048,-1.0
32,5268,2885,-1.0
32,5268,4096,-1.0
32,5268,6227,-1.0
32,5268,8192,-1.0
32,5268,12632,-1.0
32,5268,13940,-1.0
32,5268,15254,-1.0
32,5268,16384,-1.0
32,8192,256,0.016905018128454685
32,8192,512,0.01765601336956024
32,8192,1024,0.018508057110011578
32,8192,2048,0.02075103111565113
32,8192,2885,-1.0
32,8192,4096,0.025246990844607353
32,8192,6227,-1.0
32,8192,8192,0.03236799966543913
32,8192,12632,-1.0
32,8192,13940,-1.0
32,8192,15254,-1.0
32,8192,16384,0.05678401794284582
32,9372,256,-1.0
32,9372,512,-1.0
32,9372,1024,-1.0
32,9372,2048,-1.0
32,9372,2885,-1.0
32,9372,4096,-1.0
32,9372,6227,-1.0
32,9372,8192,-1.0
32,9372,12632,-1.0
32,9372,13940,-1.0
32,9372,15254,-1.0
32,9372,16384,-1.0
32,13896,256,-1.0
32,13896,512,-1.0
32,13896,1024,-1.0
32,13896,2048,-1.0
32,13896,2885,-1.0
32,13896,4096,-1.0
32,13896,6227,-1.0
32,13896,8192,-1.0
32,13896,12632,-1.0
32,13896,13940,-1.0
32,13896,15254,-1.0
32,13896,16384,-1.0
32,14440,256,-1.0
32,14440,512,-1.0
32,14440,1024,-1.0
32,14440,2048,-1.0
32,14440,2885,-1.0
32,14440,4096,-1.0
32,14440,6227,-1.0
32,14440,8192,-1.0
32,14440,12632,-1.0
32,14440,13940,-1.0
32,14440,15254,-1.0
32,14440,16384,-1.0
32,16384,256,0.01648510806262493
32,16384,512,0.0187380937859416
32,16384,1024,0.020280014723539352
32,16384,2048,0.02368504647165537
32,16384,2885,-1.0
32,16384,4096,0.030815950594842434
32,16384,6227,-1.0
32,16384,8192,0.04921306390315294
32,16384,12632,-1.0
32,16384,13940,-1.0
32,16384,15254,-1.0
32,16384,16384,0.20190898794680834
64,256,256,0.016523990780115128
64,256,512,0.01670501660555601
64,256,1024,0.0174760352820158
64,256,2048,0.018947990611195564
64,256,2885,-1.0
64,256,4096,0.02140202559530735
64,256,6227,-1.0
64,256,8192,0.02140202559530735
64,256,12632,-1.0
64,256,13940,-1.0
64,256,15254,-1.0
64,256,16384,0.02272299025207758
64,512,256,0.01654401421546936
64,512,512,0.016835052520036697
64,512,1024,0.017657061107456684
64,512,2048,0.01880794297903776
64,512,2885,-1.0
64,512,4096,0.021431944333016872
64,512,6227,-1.0
64,512,8192,0.02337503246963024
64,512,12632,-1.0
64,512,13940,-1.0
64,512,15254,-1.0
64,512,16384,0.024206005036830902
64,1024,256,0.015462981536984444
64,1024,512,0.016784993931651115
64,1024,1024,0.016474048607051373
64,1024,2048,0.018876977264881134
64,1024,2885,-1.0
64,1024,4096,0.020381063222885132
64,1024,6227,-1.0
64,1024,8192,0.022533000446856022
64,1024,12632,-1.0
64,1024,13940,-1.0
64,1024,15254,-1.0
64,1024,16384,0.026879017241299152
64,2048,256,0.016704085282981396
64,2048,512,0.0167149119079113
64,2048,1024,0.017496058717370033
64,2048,2048,0.018847989849746227
64,2048,2885,-1.0
64,2048,4096,0.021482002921402454
64,2048,6227,-1.0
64,2048,8192,0.02507702447474003
64,2048,12632,-1.0
64,2048,13940,-1.0
64,2048,15254,-1.0
64,2048,16384,0.03093609120696783
64,2127,256,-1.0
64,2127,512,-1.0
64,2127,1024,-1.0
64,2127,2048,-1.0
64,2127,2885,-1.0
64,2127,4096,-1.0
64,2127,6227,-1.0
64,2127,8192,-1.0
64,2127,12632,-1.0
64,2127,13940,-1.0
64,2127,15254,-1.0
64,2127,16384,-1.0
64,4096,256,0.016815029084682465
64,4096,512,0.017316080629825592
64,4096,1024,0.018347054719924927
64,4096,2048,0.02029002644121647
64,4096,2885,-1.0
64,4096,4096,0.024195993319153786
64,4096,6227,-1.0
64,4096,8192,0.031867995858192444
64,4096,12632,-1.0
64,4096,13940,-1.0
64,4096,15254,-1.0
64,4096,16384,0.04737998824566603
64,5268,256,-1.0
64,5268,512,-1.0
64,5268,1024,-1.0
64,5268,2048,-1.0
64,5268,2885,-1.0
64,5268,4096,-1.0
64,5268,6227,-1.0
64,5268,8192,-1.0
64,5268,12632,-1.0
64,5268,13940,-1.0
64,5268,15254,-1.0
64,5268,16384,-1.0
64,8192,256,0.0175361055880785
64,8192,512,0.0180370407178998
64,8192,1024,0.01939898356795311
64,8192,2048,0.02360600046813488
64,8192,2885,-1.0
64,8192,4096,0.030665076337754726
64,8192,6227,-1.0
64,8192,8192,0.038057100027799606
64,8192,12632,-1.0
64,8192,13940,-1.0
64,8192,15254,-1.0
64,8192,16384,0.06401503924280405
64,9372,256,-1.0
64,9372,512,-1.0
64,9372,1024,-1.0
64,9372,2048,-1.0
64,9372,2885,-1.0
64,9372,4096,-1.0
64,9372,6227,-1.0
64,9372,8192,-1.0
64,9372,12632,-1.0
64,9372,13940,-1.0
64,9372,15254,-1.0
64,9372,16384,-1.0
64,13896,256,-1.0
64,13896,512,-1.0
64,13896,1024,-1.0
64,13896,2048,-1.0
64,13896,2885,-1.0
64,13896,4096,-1.0
64,13896,6227,-1.0
64,13896,8192,-1.0
64,13896,12632,-1.0
64,13896,13940,-1.0
64,13896,15254,-1.0
64,13896,16384,-1.0
64,14440,256,-1.0
64,14440,512,-1.0
64,14440,1024,-1.0
64,14440,2048,-1.0
64,14440,2885,-1.0
64,14440,4096,-1.0
64,14440,6227,-1.0
64,14440,8192,-1.0
64,14440,12632,-1.0
64,14440,13940,-1.0
64,14440,15254,-1.0
64,14440,16384,-1.0
64,16384,256,0.018196995370090008
64,16384,512,0.0190479913726449
64,16384,1024,0.021022045984864235
64,16384,2048,0.025938963517546654
64,16384,2885,-1.0
64,16384,4096,0.03269908484071493
64,16384,6227,-1.0
64,16384,8192,0.05857704672962427
64,16384,12632,-1.0
64,16384,13940,-1.0
64,16384,15254,-1.0
64,16384,16384,0.20033796317875385
128,256,256,0.016413978300988674
128,256,512,0.016805017367005348
128,256,1024,0.017505954019725323
128,256,2048,0.018878956325352192
128,256,2885,-1.0
128,256,4096,0.021392013877630234
128,256,6227,-1.0
128,256,8192,0.023455009795725346
128,256,12632,-1.0
128,256,13940,-1.0
128,256,15254,-1.0
128,256,16384,0.024016015231609344
128,512,256,0.016554957255721092
128,512,512,0.016816076822578907
128,512,1024,0.017555896192789078
128,512,2048,0.01889804843813181
128,512,2885,-1.0
128,512,4096,0.020431005395948887
128,512,6227,-1.0
128,512,8192,0.022243009880185127
128,512,12632,-1.0
128,512,13940,-1.0
128,512,15254,-1.0
128,512,16384,0.02701999619603157
128,1024,256,0.01668499317020178
128,1024,512,0.016824924387037754
128,1024,1024,0.017435988411307335
128,1024,2048,0.01901807263493538
128,1024,2885,-1.0
128,1024,4096,0.021641957573592663
128,1024,6227,-1.0
128,1024,8192,0.025828019715845585
128,1024,12632,-1.0
128,1024,13940,-1.0
128,1024,15254,-1.0
128,1024,16384,0.03103597555309534
128,2048,256,0.014842022210359573
128,2048,512,0.01540197990834713
128,2048,1024,0.01656496897339821
128,2048,2048,0.01858698669821024
128,2048,2885,-1.0
128,2048,4096,0.024075969122350216
128,2048,6227,-1.0
128,2048,8192,0.032207928597927094
128,2048,12632,-1.0
128,2048,13940,-1.0
128,2048,15254,-1.0
128,2048,16384,0.04595797508955002
128,2127,256,-1.0
128,2127,512,-1.0
128,2127,1024,-1.0
128,2127,2048,-1.0
128,2127,2885,-1.0
128,2127,4096,-1.0
128,2127,6227,-1.0
128,2127,8192,-1.0
128,2127,12632,-1.0
128,2127,13940,-1.0
128,2127,15254,-1.0
128,2127,16384,-1.0
128,4096,256,0.017035985365509987
128,4096,512,0.017696991562843323
128,4096,1024,0.019217957742512226
128,4096,2048,0.02180307637900114
128,4096,2885,-1.0
128,4096,4096,0.0306649599224329
128,4096,6227,-1.0
128,4096,8192,0.037266057915985584
128,4096,12632,-1.0
128,4096,13940,-1.0
128,4096,15254,-1.0
128,4096,16384,0.05797599442303181
128,5268,256,-1.0
128,5268,512,-1.0
128,5268,1024,-1.0
128,5268,2048,-1.0
128,5268,2885,-1.0
128,5268,4096,-1.0
128,5268,6227,-1.0
128,5268,8192,-1.0
128,5268,12632,-1.0
128,5268,13940,-1.0
128,5268,15254,-1.0
128,5268,16384,-1.0
128,8192,256,0.017965910956263542
128,8192,512,0.018768012523651123
128,8192,1024,0.020900974050164223
128,8192,2048,0.025006942451000214
128,8192,2885,-1.0
128,8192,4096,0.033149030059576035
128,8192,6227,-1.0
128,8192,8192,0.04786101635545492
128,8192,12632,-1.0
128,8192,13940,-1.0
128,8192,15254,-1.0
128,8192,16384,0.09248696733266115
128,9372,256,-1.0
128,9372,512,-1.0
128,9372,1024,-1.0
128,9372,2048,-1.0
128,9372,2885,-1.0
128,9372,4096,-1.0
128,9372,6227,-1.0
128,9372,8192,-1.0
128,9372,12632,-1.0
128,9372,13940,-1.0
128,9372,15254,-1.0
128,9372,16384,-1.0
128,13896,256,-1.0
128,13896,512,-1.0
128,13896,1024,-1.0
128,13896,2048,-1.0
128,13896,2885,-1.0
128,13896,4096,-1.0
128,13896,6227,-1.0
128,13896,8192,-1.0
128,13896,12632,-1.0
128,13896,13940,-1.0
128,13896,15254,-1.0
128,13896,16384,-1.0
128,14440,256,-1.0
128,14440,512,-1.0
128,14440,1024,-1.0
128,14440,2048,-1.0
128,14440,2885,-1.0
128,14440,4096,-1.0
128,14440,6227,-1.0
128,14440,8192,-1.0
128,14440,12632,-1.0
128,14440,13940,-1.0
128,14440,15254,-1.0
128,14440,16384,-1.0
128,16384,256,0.018296996131539345
128,16384,512,0.020881067030131817
128,16384,1024,0.02433604095131159
128,16384,2048,0.031396979466080666
128,16384,2885,-1.0
128,16384,4096,0.04527694545686245
128,16384,6227,-1.0
128,16384,8192,0.09105494245886803
128,16384,12632,-1.0
128,16384,13940,-1.0
128,16384,15254,-1.0
128,16384,16384,0.21243607625365257
256,256,256,0.016413978300988674
256,256,512,0.016844947822391987
256,256,1024,0.017535989172756672
256,256,2048,0.01878791954368353
256,256,2885,-1.0
256,256,4096,0.020470935851335526
256,256,6227,-1.0
256,256,8192,0.022423104383051395
256,256,12632,-1.0
256,256,13940,-1.0
256,256,15254,-1.0
256,256,16384,0.02696993760764599
256,512,256,0.01649395562708378
256,512,512,0.0167239923030138
256,512,1024,0.017456011846661568
256,512,2048,0.019007944501936436
256,512,2885,-1.0
256,512,4096,0.02171308733522892
256,512,6227,-1.0
256,512,8192,0.025777961127460003
256,512,12632,-1.0
256,512,13940,-1.0
256,512,15254,-1.0
256,512,16384,0.030835974030196667
256,1024,256,0.016674981452524662
256,1024,512,0.017196056433022022
256,1024,1024,0.018246937543153763
256,1024,2048,0.02025999128818512
256,1024,2885,-1.0
256,1024,4096,0.024284934625029564
256,1024,6227,-1.0
256,1024,8192,0.0319179380312562
256,1024,12632,-1.0
256,1024,13940,-1.0
256,1024,15254,-1.0
256,1024,16384,0.04778103902935982
256,2048,256,0.01516193151473999
256,2048,512,0.015894067473709583
256,2048,1024,0.01896789763122797
256,2048,2048,0.02182205207645893
256,2048,2885,-1.0
256,2048,4096,0.02729007974267006
256,2048,6227,-1.0
256,2048,8192,0.03740598913282156
256,2048,12632,-1.0
256,2048,13940,-1.0
256,2048,15254,-1.0
256,2048,16384,0.05765596870332956
256,2127,256,-1.0
256,2127,512,-1.0
256,2127,1024,-1.0
256,2127,2048,-1.0
256,2127,2885,-1.0
256,2127,4096,-1.0
256,2127,6227,-1.0
256,2127,8192,-1.0
256,2127,12632,-1.0
256,2127,13940,-1.0
256,2127,15254,-1.0
256,2127,16384,-1.0
256,4096,256,0.017786049284040928
256,4096,512,0.018797931261360645
256,4096,1024,0.02100097481161356
256,4096,2048,0.024967011995613575
256,4096,2885,-1.0
256,4096,4096,0.03276800271123648
256,4096,6227,-1.0
256,4096,8192,0.04784099292010069
256,4096,12632,-1.0
256,4096,13940,-1.0
256,4096,15254,-1.0
256,4096,16384,0.0801389105618
256,5268,256,-1.0
256,5268,512,-1.0
256,5268,1024,-1.0
256,5268,2048,-1.0
256,5268,2885,-1.0
256,5268,4096,-1.0
256,5268,6227,-1.0
256,5268,8192,-1.0
256,5268,12632,-1.0
256,5268,13940,-1.0
256,5268,15254,-1.0
256,5268,16384,-1.0
256,8192,256,0.01948897261172533
256,8192,512,0.021041021682322025
256,8192,1024,0.024397042579948902
256,8192,2048,0.03131595440208912
256,8192,2885,-1.0
256,8192,4096,0.04542700480669737
256,8192,6227,-1.0
256,8192,8192,0.07419998291879892
256,8192,12632,-1.0
256,8192,13940,-1.0
256,8192,15254,-1.0
256,8192,16384,0.14027790166437626
256,9372,256,-1.0
256,9372,512,-1.0
256,9372,1024,-1.0
256,9372,2048,-1.0
256,9372,2885,-1.0
256,9372,4096,-1.0
256,9372,6227,-1.0
256,9372,8192,-1.0
256,9372,12632,-1.0
256,9372,13940,-1.0
256,9372,15254,-1.0
256,9372,16384,-1.0
256,13896,256,-1.0
256,13896,512,-1.0
256,13896,1024,-1.0
256,13896,2048,-1.0
256,13896,2885,-1.0
256,13896,4096,-1.0
256,13896,6227,-1.0
256,13896,8192,-1.0
256,13896,12632,-1.0
256,13896,13940,-1.0
256,13896,15254,-1.0
256,13896,16384,-1.0
256,14440,256,-1.0
256,14440,512,-1.0
256,14440,1024,-1.0
256,14440,2048,-1.0
256,14440,2885,-1.0
256,14440,4096,-1.0
256,14440,6227,-1.0
256,14440,8192,-1.0
256,14440,12632,-1.0
256,14440,13940,-1.0
256,14440,15254,-1.0
256,14440,16384,-1.0
256,16384,256,0.022093066945672035
256,16384,512,0.02606899943202734
256,16384,1024,0.03290793392807245
256,16384,2048,0.046618981286883354
256,16384,2885,-1.0
256,16384,4096,0.07508101407438517
256,16384,6227,-1.0
256,16384,8192,0.13818498700857162
256,16384,12632,-1.0
256,16384,13940,-1.0
256,16384,15254,-1.0
256,16384,16384,0.2524650190025568
512,256,256,0.01649395562708378
512,256,512,0.016715028323233128
512,256,1024,0.01744495239108801
512,256,2048,0.018937978893518448
512,256,2885,-1.0
512,256,4096,0.019990024156868458
512,256,6227,-1.0
512,256,8192,0.025307992473244667
512,256,12632,-1.0
512,256,13940,-1.0
512,256,15254,-1.0
512,256,16384,0.03131700213998556
512,512,256,0.01667393371462822
512,512,512,0.01719500869512558
512,512,1024,0.018196995370090008
512,512,2048,0.020390027202665806
512,512,2885,-1.0
512,512,4096,0.024375971406698227
512,512,6227,-1.0
512,512,8192,0.03202795051038265
512,512,12632,-1.0
512,512,13940,-1.0
512,512,15254,-1.0
512,512,16384,0.04749000072479248
512,1024,256,0.016955076716840267
512,1024,512,0.017615966498851776
512,1024,1024,0.019108993001282215
512,1024,2048,0.02181297168135643
512,1024,2885,-1.0
512,1024,4096,0.027270987629890442
512,1024,6227,-1.0
512,1024,8192,0.0372159993276
512,1024,12632,-1.0
512,1024,13940,-1.0
512,1024,15254,-1.0
512,1024,16384,0.058536999858915806
512,2048,256,0.01788698136806488
512,2048,512,0.018687918782234192
512,2048,1024,0.02099107950925827
512,2048,2048,0.024906941689550877
512,2048,2885,-1.0
512,2048,4096,0.032749027013778687
512,2048,6227,-1.0
512,2048,8192,0.04767091013491154
512,2048,12632,-1.0
512,2048,13940,-1.0
512,2048,15254,-1.0
512,2048,16384,0.07996801286935806
512,2127,256,-1.0
512,2127,512,-1.0
512,2127,1024,-1.0
512,2127,2048,-1.0
512,2127,2885,-1.0
512,2127,4096,-1.0
512,2127,6227,-1.0
512,2127,8192,-1.0
512,2127,12632,-1.0
512,2127,13940,-1.0
512,2127,15254,-1.0
512,2127,16384,-1.0
512,4096,256,0.019398052245378494
512,4096,512,0.019037979654967785
512,4096,1024,0.022562919184565544
512,4096,2048,0.02957298420369625
512,4096,2885,-1.0
512,4096,4096,0.04542805254459381
512,4096,6227,-1.0
512,4096,8192,0.0722869299352169
512,4096,12632,-1.0
512,4096,13940,-1.0
512,4096,15254,-1.0
512,4096,16384,0.13112497981637716
512,5268,256,-1.0
512,5268,512,-1.0
512,5268,1024,-1.0
512,5268,2048,-1.0
512,5268,2885,-1.0
512,5268,4096,-1.0
512,5268,6227,-1.0
512,5268,8192,-1.0
512,5268,12632,-1.0
512,5268,13940,-1.0
512,5268,15254,-1.0
512,5268,16384,-1.0
512,8192,256,0.021983054466545582
512,8192,512,0.025928020477294922
512,8192,1024,0.032779062166810036
512,8192,2048,0.04649802576750517
512,8192,2885,-1.0
512,8192,4096,0.07503107190132141
512,8192,6227,-1.0
512,8192,8192,0.1306440681219101
512,8192,12632,-1.0
512,8192,13940,-1.0
512,8192,15254,-1.0
512,8192,16384,0.24701689835637808
512,9372,256,-1.0
512,9372,512,-1.0
512,9372,1024,-1.0
512,9372,2048,-1.0
512,9372,2885,-1.0
512,9372,4096,-1.0
512,9372,6227,-1.0
512,9372,8192,-1.0
512,9372,12632,-1.0
512,9372,13940,-1.0
512,9372,15254,-1.0
512,9372,16384,-1.0
512,13896,256,-1.0
512,13896,512,-1.0
512,13896,1024,-1.0
512,13896,2048,-1.0
512,13896,2885,-1.0
512,13896,4096,-1.0
512,13896,6227,-1.0
512,13896,8192,-1.0
512,13896,12632,-1.0
512,13896,13940,-1.0
512,13896,15254,-1.0
512,13896,16384,-1.0
512,14440,256,-1.0
512,14440,512,-1.0
512,14440,1024,-1.0
512,14440,2048,-1.0
512,14440,2885,-1.0
512,14440,4096,-1.0
512,14440,6227,-1.0
512,14440,8192,-1.0
512,14440,12632,-1.0
512,14440,13940,-1.0
512,14440,15254,-1.0
512,14440,16384,-1.0
512,16384,256,0.026878900825977325
512,16384,512,0.031085917726159096
512,16384,1024,0.040380051359534264
512,16384,2048,0.06536697037518024
512,16384,2885,-1.0
512,16384,4096,0.11031399480998516
512,16384,6227,-1.0
512,16384,8192,0.20617595873773098
512,16384,12632,-1.0
512,16384,13940,-1.0
512,16384,15254,-1.0
512,16384,16384,0.3925529308617115
1024,256,256,0.016665086150169373
1024,256,512,0.017286045476794243
1024,256,1024,0.0183469383046031
1024,256,2048,0.020251027308404446
1024,256,2885,-1.0
1024,256,4096,0.024175969883799553
1024,256,6227,-1.0
1024,256,8192,0.03194797318428755
1024,256,12632,-1.0
1024,256,13940,-1.0
1024,256,15254,-1.0
1024,256,16384,0.047331093810498714
1024,512,256,0.017084996215999126
1024,512,512,0.017685932107269764
1024,512,1024,0.019028084352612495
1024,512,2048,0.021751970052719116
1024,512,2885,-1.0
1024,512,4096,0.02755096647888422
1024,512,6227,-1.0
1024,512,8192,0.03738596569746733
1024,512,12632,-1.0
1024,512,13940,-1.0
1024,512,15254,-1.0
1024,512,16384,0.05851604510098696
1024,1024,256,0.017846934497356415
1024,1024,512,0.018788035959005356
1024,1024,1024,0.020931009203195572
1024,1024,2048,0.02495700027793646
1024,1024,2885,-1.0
1024,1024,4096,0.03254902549088001
1024,1024,6227,-1.0
1024,1024,8192,0.04781107418239117
1024,1024,12632,-1.0
1024,1024,13940,-1.0
1024,1024,15254,-1.0
1024,1024,16384,0.0821020221337676
1024,2048,256,0.019208062440156937
1024,2048,512,0.02104195300489664
1024,2048,1024,0.024316017515957355
1024,2048,2048,0.03137602470815182
1024,2048,2885,-1.0
1024,2048,4096,0.04532700404524803
1024,2048,6227,-1.0
1024,2048,8192,0.07296795956790447
1024,2048,12632,-1.0
1024,2048,13940,-1.0
1024,2048,15254,-1.0
1024,2048,16384,0.13128400314599276
1024,2127,256,-1.0
1024,2127,512,-1.0
1024,2127,1024,-1.0
1024,2127,2048,-1.0
1024,2127,2885,-1.0
1024,2127,4096,-1.0
1024,2127,6227,-1.0
1024,2127,8192,-1.0
1024,2127,12632,-1.0
1024,2127,13940,-1.0
1024,2127,15254,-1.0
1024,2127,16384,-1.0
1024,4096,256,0.021763029508292675
1024,4096,512,0.025968998670578003
1024,4096,1024,0.03263796679675579
1024,4096,2048,0.046740053221583366
1024,4096,2885,-1.0
1024,4096,4096,0.07520208600908518
1024,4096,6227,-1.0
1024,4096,8192,0.13094500172883272
1024,4096,12632,-1.0
1024,4096,13940,-1.0
1024,4096,15254,-1.0
1024,4096,16384,0.2405679551884532
1024,5268,256,-1.0
1024,5268,512,-1.0
1024,5268,1024,-1.0
1024,5268,2048,-1.0
1024,5268,2885,-1.0
1024,5268,4096,-1.0
1024,5268,6227,-1.0
1024,5268,8192,-1.0
1024,5268,12632,-1.0
1024,5268,13940,-1.0
1024,5268,15254,-1.0
1024,5268,16384,-1.0
1024,8192,256,0.02660905010998249
1024,8192,512,0.03162701614201069
1024,8192,1024,0.04173198249191046
1024,8192,2048,0.06333400961011648
1024,8192,2885,-1.0
1024,8192,4096,0.13760500587522984
1024,8192,6227,-1.0
1024,8192,8192,0.1972629688680172
1024,8192,12632,-1.0
1024,8192,13940,-1.0
1024,8192,15254,-1.0
1024,8192,16384,0.38704497274011374
1024,9372,256,-1.0
1024,9372,512,-1.0
1024,9372,1024,-1.0
1024,9372,2048,-1.0
1024,9372,2885,-1.0
1024,9372,4096,-1.0
1024,9372,6227,-1.0
1024,9372,8192,-1.0
1024,9372,12632,-1.0
1024,9372,13940,-1.0
1024,9372,15254,-1.0
1024,9372,16384,-1.0
1024,13896,256,-1.0
1024,13896,512,-1.0
1024,13896,1024,-1.0
1024,13896,2048,-1.0
1024,13896,2885,-1.0
1024,13896,4096,-1.0
1024,13896,6227,-1.0
1024,13896,8192,-1.0
1024,13896,12632,-1.0
1024,13896,13940,-1.0
1024,13896,15254,-1.0
1024,13896,16384,-1.0
1024,14440,256,-1.0
1024,14440,512,-1.0
1024,14440,1024,-1.0
1024,14440,2048,-1.0
1024,14440,2885,-1.0
1024,14440,4096,-1.0
1024,14440,6227,-1.0
1024,14440,8192,-1.0
1024,14440,12632,-1.0
1024,14440,13940,-1.0
1024,14440,15254,-1.0
1024,14440,16384,-1.0
1024,16384,256,0.03442203160375357
1024,16384,512,0.04500697832554579
1024,16384,1024,0.06938306614756584
1024,16384,2048,0.11499098036438227
1024,16384,2885,-1.0
1024,16384,4096,0.2005880232900381
1024,16384,6227,-1.0
1024,16384,8192,0.38433109875768423
1024,16384,12632,-1.0
1024,16384,13940,-1.0
1024,16384,15254,-1.0
1024,16384,16384,0.7322869496420026
2048,256,256,0.016874982975423336
2048,256,512,0.016935053281486034
2048,256,1024,0.01921900548040867
2048,256,2048,0.021912972442805767
2048,256,2885,-1.0
2048,256,4096,0.027259928174316883
2048,256,6227,-1.0
2048,256,8192,0.037394929677248
2048,256,12632,-1.0
2048,256,13940,-1.0
2048,256,15254,-1.0
2048,256,16384,0.058786943554878235
2048,512,256,0.016754958778619766
2048,512,512,0.01708604395389557
2048,512,1024,0.019298051483929157
2048,512,2048,0.02504698932170868
2048,512,2885,-1.0
2048,512,4096,0.032818992622196674
2048,512,6227,-1.0
2048,512,8192,0.04771095700562
2048,512,12632,-1.0
2048,512,13940,-1.0
2048,512,15254,-1.0
2048,512,16384,0.0826630275696516
2048,1024,256,0.019268947653472424
2048,1024,512,0.020981067791581154
2048,1024,1024,0.024436041712760925
2048,1024,2048,0.03148708492517471
2048,1024,2885,-1.0
2048,1024,4096,0.04547811113297939
2048,1024,6227,-1.0
2048,1024,8192,0.07481093052774668
2048,1024,12632,-1.0
2048,1024,13940,-1.0
2048,1024,15254,-1.0
2048,1024,16384,0.13187609147280455
2048,2048,256,0.02177199348807335
2048,2048,512,0.0258981017395854
2048,2048,1024,0.0317269004881382
2048,2048,2048,0.046337954699993134
2048,2048,2885,-1.0
2048,2048,4096,0.0747820595279336
2048,2048,6227,-1.0
2048,2048,8192,0.13018399477005005
2048,2048,12632,-1.0
2048,2048,13940,-1.0
2048,2048,15254,-1.0
2048,2048,16384,0.2409780863672495
2048,2127,256,-1.0
2048,2127,512,-1.0
2048,2127,1024,-1.0
2048,2127,2048,-1.0
2048,2127,2885,-1.0
2048,2127,4096,-1.0
2048,2127,6227,-1.0
2048,2127,8192,-1.0
2048,2127,12632,-1.0
2048,2127,13940,-1.0
2048,2127,15254,-1.0
2048,2127,16384,-1.0
2048,4096,256,0.02689007669687271
2048,4096,512,0.0314260832965374
2048,4096,1024,0.04170194733887911
2048,4096,2048,0.06562797352671623
2048,4096,2885,-1.0
2048,4096,4096,0.13785401824861765
2048,4096,6227,-1.0
2048,4096,8192,0.2513430081307888
2048,4096,12632,-1.0
2048,4096,13940,-1.0
2048,4096,15254,-1.0
2048,4096,16384,0.47581596300005913
2048,5268,256,-1.0
2048,5268,512,-1.0
2048,5268,1024,-1.0
2048,5268,2048,-1.0
2048,5268,2885,-1.0
2048,5268,4096,-1.0
2048,5268,6227,-1.0
2048,5268,8192,-1.0
2048,5268,12632,-1.0
2048,5268,13940,-1.0
2048,5268,15254,-1.0
2048,5268,16384,-1.0
2048,8192,256,0.03602390643209219
2048,8192,512,0.04577799700200558
2048,8192,1024,0.0692929606884718
2048,8192,2048,0.11504092253744602
2048,8192,2885,-1.0
2048,8192,4096,0.20010792650282383
2048,8192,6227,-1.0
2048,8192,8192,0.3727930597960949
2048,8192,12632,-1.0
2048,8192,13940,-1.0
2048,8192,15254,-1.0
2048,8192,16384,0.7298029959201813
2048,9372,256,-1.0
2048,9372,512,-1.0
2048,9372,1024,-1.0
2048,9372,2048,-1.0
2048,9372,2885,-1.0
2048,9372,4096,-1.0
2048,9372,6227,-1.0
2048,9372,8192,-1.0
2048,9372,12632,-1.0
2048,9372,13940,-1.0
2048,9372,15254,-1.0
2048,9372,16384,-1.0
2048,13896,256,-1.0
2048,13896,512,-1.0
2048,13896,1024,-1.0
2048,13896,2048,-1.0
2048,13896,2885,-1.0
2048,13896,4096,-1.0
2048,13896,6227,-1.0
2048,13896,8192,-1.0
2048,13896,12632,-1.0
2048,13896,13940,-1.0
2048,13896,15254,-1.0
2048,13896,16384,-1.0
2048,14440,256,-1.0
2048,14440,512,-1.0
2048,14440,1024,-1.0
2048,14440,2048,-1.0
2048,14440,2885,-1.0
2048,14440,4096,-1.0
2048,14440,6227,-1.0
2048,14440,8192,-1.0
2048,14440,12632,-1.0
2048,14440,13940,-1.0
2048,14440,15254,-1.0
2048,14440,16384,-1.0
2048,16384,256,0.05122495349496603
2048,16384,512,0.08525699377059937
2048,16384,1024,0.11506001465022564
2048,16384,2048,0.21858490072190762
2048,16384,2885,-1.0
2048,16384,4096,0.3945250064134598
2048,16384,6227,-1.0
2048,16384,8192,0.744765973649919
2048,16384,12632,-1.0
2048,16384,13940,-1.0
2048,16384,15254,-1.0
2048,16384,16384,1.4431020244956017
4096,256,256,0.017907004803419113
4096,256,512,0.01892796717584133
4096,256,1024,0.020800973288714886
4096,256,2048,0.02517795655876398
4096,256,2885,-1.0
4096,256,4096,0.032939016819000244
4096,256,6227,-1.0
4096,256,8192,0.04810106474906206
4096,256,12632,-1.0
4096,256,13940,-1.0
4096,256,15254,-1.0
4096,256,16384,0.0819420674815774
4096,512,256,0.019228900782763958
4096,512,512,0.020920997485518456
4096,512,1024,0.02440705429762602
4096,512,2048,0.031025963835418224
4096,512,2885,-1.0
4096,512,4096,0.04419498145580292
4096,512,6227,-1.0
4096,512,8192,0.07365900091826916
4096,512,12632,-1.0
4096,512,13940,-1.0
4096,512,15254,-1.0
4096,512,16384,0.1301340525969863
4096,1024,256,0.022522988729178905
4096,1024,512,0.025837915018200874
4096,1024,1024,0.03255903720855713
4096,1024,2048,0.04668894689530134
4096,1024,2885,-1.0
4096,1024,4096,0.0752320047467947
4096,1024,6227,-1.0
4096,1024,8192,0.13084406964480877
4096,1024,12632,-1.0
4096,1024,13940,-1.0
4096,1024,15254,-1.0
4096,1024,16384,0.241008005104959
4096,2048,256,0.027070054784417152
4096,2048,512,0.03150699194520712
4096,2048,1024,0.04159205127507448
4096,2048,2048,0.06502692122012377
4096,2048,2885,-1.0
4096,2048,4096,0.13764400500804186
4096,2048,6227,-1.0
4096,2048,8192,0.19757403060793877
4096,2048,12632,-1.0
4096,2048,13940,-1.0
4096,2048,15254,-1.0
4096,2048,16384,0.4756770795211196
4096,2127,256,-1.0
4096,2127,512,-1.0
4096,2127,1024,-1.0
4096,2127,2048,-1.0
4096,2127,2885,-1.0
4096,2127,4096,-1.0
4096,2127,6227,-1.0
4096,2127,8192,-1.0
4096,2127,12632,-1.0
4096,2127,13940,-1.0
4096,2127,15254,-1.0
4096,2127,16384,-1.0
4096,4096,256,0.03546301741153002
4096,4096,512,0.0455779954791069
4096,4096,1024,0.06714998744428158
4096,4096,2048,0.11506094597280025
4096,4096,2885,-1.0
4096,4096,4096,0.20075798965990543
4096,4096,6227,-1.0
4096,4096,8192,0.37289399188011885
4096,4096,12632,-1.0
4096,4096,13940,-1.0
4096,4096,15254,-1.0
4096,4096,16384,0.7209100294858217
4096,5268,256,-1.0
4096,5268,512,-1.0
4096,5268,1024,-1.0
4096,5268,2048,-1.0
4096,5268,2885,-1.0
4096,5268,4096,-1.0
4096,5268,6227,-1.0
4096,5268,8192,-1.0
4096,5268,12632,-1.0
4096,5268,13940,-1.0
4096,5268,15254,-1.0
4096,5268,16384,-1.0
4096,8192,256,0.050754984840750694
4096,8192,512,0.07386901415884495
4096,8192,1024,0.11482997797429562
4096,8192,2048,0.21698290947824717
4096,8192,2885,-1.0
4096,8192,4096,0.3884970210492611
4096,8192,6227,-1.0
4096,8192,8192,0.7397789740934968
4096,8192,12632,-1.0
4096,8192,13940,-1.0
4096,8192,15254,-1.0
4096,8192,16384,1.4349700650200248
4096,9372,256,-1.0
4096,9372,512,-1.0
4096,9372,1024,-1.0
4096,9372,2048,-1.0
4096,9372,2885,-1.0
4096,9372,4096,-1.0
4096,9372,6227,-1.0
4096,9372,8192,-1.0
4096,9372,12632,-1.0
4096,9372,13940,-1.0
4096,9372,15254,-1.0
4096,9372,16384,-1.0
4096,13896,256,-1.0
4096,13896,512,-1.0
4096,13896,1024,-1.0
4096,13896,2048,-1.0
4096,13896,2885,-1.0
4096,13896,4096,-1.0
4096,13896,6227,-1.0
4096,13896,8192,-1.0
4096,13896,12632,-1.0
4096,13896,13940,-1.0
4096,13896,15254,-1.0
4096,13896,16384,-1.0
4096,14440,256,-1.0
4096,14440,512,-1.0
4096,14440,1024,-1.0
4096,14440,2048,-1.0
4096,14440,2885,-1.0
4096,14440,4096,-1.0
4096,14440,6227,-1.0
4096,14440,8192,-1.0
4096,14440,12632,-1.0
4096,14440,13940,-1.0
4096,14440,15254,-1.0
4096,14440,16384,-1.0
4096,16384,256,0.11135602835565805
4096,16384,512,0.155220041051507
4096,16384,1024,0.2397160278633237
4096,16384,2048,0.4033090081065893
4096,16384,2885,-1.0
4096,16384,4096,0.7304849568754435
4096,16384,6227,-1.0
4096,16384,8192,1.3951919972896576
4096,16384,12632,-1.0
4096,16384,13940,-1.0
4096,16384,15254,-1.0
4096,16384,16384,2.7525359764695168
8192,256,256,0.01920794602483511
8192,256,512,0.02101203426718712
8192,256,1024,0.024495995603501797
8192,256,2048,0.031436909921467304
8192,256,2885,-1.0
8192,256,4096,0.043894979171454906
8192,256,6227,-1.0
8192,256,8192,0.0745910219848156
8192,256,12632,-1.0
8192,256,13940,-1.0
8192,256,15254,-1.0
8192,256,16384,0.1413499703630805
8192,512,256,0.022694002836942673
8192,512,512,0.025959103368222713
8192,512,1024,0.03291899338364601
8192,512,2048,0.046779983676970005
8192,512,2885,-1.0
8192,512,4096,0.07547205314040184
8192,512,6227,-1.0
8192,512,8192,0.13153604231774807
8192,512,12632,-1.0
8192,512,13940,-1.0
8192,512,15254,-1.0
8192,512,16384,0.2492800122126937
8192,1024,256,0.02697098534554243
8192,1024,512,0.031667063012719154
8192,1024,1024,0.04176201764494181
8192,1024,2048,0.0654769828543067
8192,1024,2885,-1.0
8192,1024,4096,0.11140597052872181
8192,1024,6227,-1.0
8192,1024,8192,0.25188399013131857
8192,1024,12632,-1.0
8192,1024,13940,-1.0
8192,1024,15254,-1.0
8192,1024,16384,0.4867429379373789
8192,2048,256,0.036003999412059784
8192,2048,512,0.0455779954791069
8192,2048,1024,0.07161602843552828
8192,2048,2048,0.1154220663011074
8192,2048,2885,-1.0
8192,2048,4096,0.20250107627362013
8192,2048,6227,-1.0
8192,2048,8192,0.377170043066144
8192,2048,12632,-1.0
8192,2048,13940,-1.0
8192,2048,15254,-1.0
8192,2048,16384,0.7486520335078239
8192,2127,256,-1.0
8192,2127,512,-1.0
8192,2127,1024,-1.0
8192,2127,2048,-1.0
8192,2127,2885,-1.0
8192,2127,4096,-1.0
8192,2127,6227,-1.0
8192,2127,8192,-1.0
8192,2127,12632,-1.0
8192,2127,13940,-1.0
8192,2127,15254,-1.0
8192,2127,16384,-1.0
8192,4096,256,0.04948407877236605
8192,4096,512,0.07466098759323359
8192,4096,1024,0.11508096940815449
8192,4096,2048,0.21854392252862453
8192,4096,2885,-1.0
8192,4096,4096,0.38984790444374084
8192,4096,6227,-1.0
8192,4096,8192,0.7434940198436379
8192,4096,12632,-1.0
8192,4096,13940,-1.0
8192,4096,15254,-1.0
8192,4096,16384,1.4777040341868997
8192,5268,256,-1.0
8192,5268,512,-1.0
8192,5268,1024,-1.0
8192,5268,2048,-1.0
8192,5268,2885,-1.0
8192,5268,4096,-1.0
8192,5268,6227,-1.0
8192,5268,8192,-1.0
8192,5268,12632,-1.0
8192,5268,13940,-1.0
8192,5268,15254,-1.0
8192,5268,16384,-1.0
8192,8192,256,0.10409497190266848
8192,8192,512,0.1552399480715394
8192,8192,1024,0.221127993427217
8192,8192,2048,0.4029079573228955
8192,8192,2885,-1.0
8192,8192,4096,0.7387769874185324
8192,8192,6227,-1.0
8192,8192,8192,1.4123270520940423
8192,8192,12632,-1.0
8192,8192,13940,-1.0
8192,8192,15254,-1.0
8192,8192,16384,2.937532030045986
8192,9372,256,-1.0
8192,9372,512,-1.0
8192,9372,1024,-1.0
8192,9372,2048,-1.0
8192,9372,2885,-1.0
8192,9372,4096,-1.0
8192,9372,6227,-1.0
8192,9372,8192,-1.0
8192,9372,12632,-1.0
8192,9372,13940,-1.0
8192,9372,15254,-1.0
8192,9372,16384,-1.0
8192,13896,256,-1.0
8192,13896,512,-1.0
8192,13896,1024,-1.0
8192,13896,2048,-1.0
8192,13896,2885,-1.0
8192,13896,4096,-1.0
8192,13896,6227,-1.0
8192,13896,8192,-1.0
8192,13896,12632,-1.0
8192,13896,13940,-1.0
8192,13896,15254,-1.0
8192,13896,16384,-1.0
8192,14440,256,-1.0
8192,14440,512,-1.0
8192,14440,1024,-1.0
8192,14440,2048,-1.0
8192,14440,2885,-1.0
8192,14440,4096,-1.0
8192,14440,6227,-1.0
8192,14440,8192,-1.0
8192,14440,12632,-1.0
8192,14440,13940,-1.0
8192,14440,15254,-1.0
8192,14440,16384,-1.0
8192,16384,256,0.19350694492459297
8192,16384,512,0.28776703402400017
8192,16384,1024,0.4585209535434842
8192,16384,2048,0.8013700135052204
8192,16384,2885,-1.0
8192,16384,4096,1.5020500868558884
8192,16384,6227,-1.0
8192,16384,8192,2.836972940713167
8192,16384,12632,-1.0
8192,16384,13940,-1.0
8192,16384,15254,-1.0
8192,16384,16384,5.880750948563218
16384,256,256,0.022714026272296906
16384,256,512,0.026038032956421375
16384,256,1024,0.0328489113599062
16384,256,2048,0.04678999539464712
16384,256,2885,-1.0
16384,256,4096,0.07510196883231401
16384,256,6227,-1.0
16384,256,8192,0.1387350494042039
16384,256,12632,-1.0
16384,256,13940,-1.0
16384,256,15254,-1.0
16384,256,16384,0.2587239723652601
16384,512,256,0.02701999619603157
16384,512,512,0.031736912205815315
16384,512,1024,0.04180206451565027
16384,512,2048,0.08364405948668718
16384,512,2885,-1.0
16384,512,4096,0.11096498928964138
16384,512,6227,-1.0
16384,512,8192,0.26395206805318594
16384,512,12632,-1.0
16384,512,13940,-1.0
16384,512,15254,-1.0
16384,512,16384,0.5024770507588983
16384,1024,256,0.03471097443252802
16384,1024,512,0.04497601184993982
16384,1024,1024,0.07204699795693159
16384,1024,2048,0.11625199113041162
16384,1024,2885,-1.0
16384,1024,4096,0.20356301683932543
16384,1024,6227,-1.0
16384,1024,8192,0.40277803782373667
16384,1024,12632,-1.0
16384,1024,13940,-1.0
16384,1024,15254,-1.0
16384,1024,16384,0.7762919412925839
16384,2048,256,0.05092495121061802
16384,2048,512,0.07392000406980515
16384,2048,1024,0.11560204438865185
16384,2048,2048,0.21924497559666634
16384,2048,2885,-1.0
16384,2048,4096,0.39538706187158823
16384,2048,6227,-1.0
16384,2048,8192,0.7809500675648451
16384,2048,12632,-1.0
16384,2048,13940,-1.0
16384,2048,15254,-1.0
16384,2048,16384,1.5523550100624561
16384,2127,256,-1.0
16384,2127,512,-1.0
16384,2127,1024,-1.0
16384,2127,2048,-1.0
16384,2127,2885,-1.0
16384,2127,4096,-1.0
16384,2127,6227,-1.0
16384,2127,8192,-1.0
16384,2127,12632,-1.0
16384,2127,13940,-1.0
16384,2127,15254,-1.0
16384,2127,16384,-1.0
16384,4096,256,0.10587694123387337
16384,4096,512,0.14782999642193317
16384,4096,1024,0.223672017455101
16384,4096,2048,0.40820601861923933
16384,4096,2885,-1.0
16384,4096,4096,0.7474001031368971
16384,4096,6227,-1.0
16384,4096,8192,1.5269069699570537
16384,4096,12632,-1.0
16384,4096,13940,-1.0
16384,4096,15254,-1.0
16384,4096,16384,3.0289069982245564
16384,5268,256,-1.0
16384,5268,512,-1.0
16384,5268,1024,-1.0
16384,5268,2048,-1.0
16384,5268,2885,-1.0
16384,5268,4096,-1.0
16384,5268,6227,-1.0
16384,5268,8192,-1.0
16384,5268,12632,-1.0
16384,5268,13940,-1.0
16384,5268,15254,-1.0
16384,5268,16384,-1.0
16384,8192,256,0.19814400002360344
16384,8192,512,0.2821190282702446
16384,8192,1024,0.45755901373922825
16384,8192,2048,0.798346009105444
16384,8192,2885,-1.0
16384,8192,4096,1.4855759218335152
16384,8192,6227,-1.0
16384,8192,8192,3.0718810157850385
16384,8192,12632,-1.0
16384,8192,13940,-1.0
16384,8192,15254,-1.0
16384,8192,16384,5.711660021916032
16384,9372,256,-1.0
16384,9372,512,-1.0
16384,9372,1024,-1.0
16384,9372,2048,-1.0
16384,9372,2885,-1.0
16384,9372,4096,-1.0
16384,9372,6227,-1.0
16384,9372,8192,-1.0
16384,9372,12632,-1.0
16384,9372,13940,-1.0
16384,9372,15254,-1.0
16384,9372,16384,-1.0
16384,13896,256,-1.0
16384,13896,512,-1.0
16384,13896,1024,-1.0
16384,13896,2048,-1.0
16384,13896,2885,-1.0
16384,13896,4096,-1.0
16384,13896,6227,-1.0
16384,13896,8192,-1.0
16384,13896,12632,-1.0
16384,13896,13940,-1.0
16384,13896,15254,-1.0
16384,13896,16384,-1.0
16384,14440,256,-1.0
16384,14440,512,-1.0
16384,14440,1024,-1.0
16384,14440,2048,-1.0
16384,14440,2885,-1.0
16384,14440,4096,-1.0
16384,14440,6227,-1.0
16384,14440,8192,-1.0
16384,14440,12632,-1.0
16384,14440,13940,-1.0
16384,14440,15254,-1.0
16384,14440,16384,-1.0
16384,16384,256,0.3753369674086571
16384,16384,512,0.5428560543805361
16384,16384,1024,0.8874769555404782
16384,16384,2048,1.5730159357190132
16384,16384,2885,-1.0
16384,16384,4096,2.945943968370557
16384,16384,6227,-1.0
16384,16384,8192,6.143923033960164
16384,16384,12632,-1.0
16384,16384,13940,-1.0
16384,16384,15254,-1.0
16384,16384,16384,11.48085598833859
