seq,dim,t_measured_ms
64,256,0.031306990422308445
64,266,0.030615017749369144
64,512,0.031065894290804863
64,659,0.030335038900375366
64,1024,0.03038498107343912
64,1737,0.03059499431401491
64,1805,0.030585099011659622
64,2048,0.03016507253050804
64,2343,0.030324910767376423
64,2806,0.03076600842177868
64,2996,0.030725030228495598
64,3424,0.03106601070612669
64,4013,0.030916067771613598
64,4096,0.030965893529355526
64,4175,0.031025963835418224
64,4491,0.03267894499003887
64,5953,0.035742996260523796
64,6137,0.03574392758309841
64,6202,0.03573298454284668
64,6549,0.03576301969587803
64,6591,0.03576301969587803
64,6957,0.035773031413555145
64,7344,0.03671401645988226
64,8192,0.03128591924905777
128,256,0.02976402174681425
128,266,0.030345050618052483
128,512,0.03036495763808489
128,659,0.030584982596337795
128,1024,0.030534924007952213
128,1737,0.03094598650932312
128,1805,0.03060605376958847
128,2048,0.030586030334234238
128,2343,0.029454007744789124
128,2806,0.03122701309621334
128,2996,0.03125704824924469
128,3424,0.031386036425828934
128,4013,0.031486968509852886
128,4096,0.031387084163725376
128,4175,0.031697098165750504
128,4491,0.03449094947427511
128,5953,0.03677501808851957
128,6137,0.036793993785977364
128,6202,0.03678502980619669
128,6549,0.03678398206830025
128,6591,0.03677408676594496
128,6957,0.03880704753100872
128,7344,0.03783602733165026
128,8192,0.03371993079781532
256,256,0.03064598422497511
256,266,0.030895927920937538
256,512,0.030464958399534225
256,659,0.030496041290462017
256,1024,0.030866009183228016
256,1737,0.031206058338284492
256,1805,0.031217001378536224
256,2048,0.03008497878909111
256,2343,0.03171700518578291
256,2806,0.03206799738109112
256,2996,0.03189698327332735
256,3424,0.03248790744692087
256,4013,0.03472203388810158
256,4096,0.03266904968768358
256,4175,0.034732045605778694
256,4491,0.03576301969587803
256,5953,0.04081008955836296
256,6137,0.040860031731426716
256,6202,0.040850951336324215
256,6549,0.04086107946932316
256,6591,0.04087097477167845
256,6957,0.04288298077881336
256,7344,0.042942934669554234
256,8192,0.03882800228893757
512,256,0.030825030989944935
512,266,0.030705006793141365
512,512,0.03088603261858225
512,659,0.030845054425299168
512,1024,0.0312259653583169
512,1737,0.032387906685471535
512,1805,0.030545983463525772
512,2048,0.03273889888077974
512,2343,0.03474205732345581
512,2806,0.03367895260453224
512,2996,0.035683042369782925
512,3424,0.03575300797820091
512,4013,0.038826954551041126
512,4096,0.03881705924868584
512,4175,0.04086096305400133
512,4491,0.04393595736473799
512,5953,0.04800199531018734
512,6137,0.05011400207877159
512,6202,0.05013495683670044
512,6549,0.05212693940848112
512,6591,0.05213799886405468
512,6957,0.0531589612364769
512,7344,0.05199701990932226
512,8192,0.04909303970634937
1024,256,0.03103597555309534
1024,266,0.029813963919878006
1024,512,0.03144703805446625
1024,659,0.03157695755362511
1024,1024,0.03276893403381109
1024,1737,0.03779598046094179
1024,1805,0.03782601561397314
1024,2048,0.03883789759129286
1024,2343,0.03991008270531893
1024,2806,0.04403502680361271
1024,2996,0.045937951654195786
1024,3424,0.04898302722722292
1024,4013,0.05216803401708603
1024,4096,0.05212693940848112
1024,4175,0.05421997047960758
1024,4491,0.05522195715457201
1024,5953,0.06648909766227007
1024,6137,0.06650900468230247
1024,6202,0.06545707583427429
1024,6549,0.06945303175598383
1024,6591,0.0695730559527874
1024,6957,0.07335899863392115
1024,7344,0.07661397103220224
1024,8192,0.07468101102858782
1679,256,0.03144692163914442
1679,266,0.031667063012719154
1679,512,0.032347976230084896
1679,659,0.032849027775228024
1679,1024,0.03583298530429602
1679,1737,0.042914063669741154
1679,1805,0.04289404023438692
1679,2048,0.045949011109769344
1679,2343,0.04804099444299936
1679,2806,0.053168972954154015
1679,2996,0.05519192200154066
1679,3424,0.05929800681769848
1679,4013,0.06749003659933805
1679,4096,0.0644349493086338
1679,4175,0.07057399488985538
1679,4491,0.07158704102039337
1679,5953,0.0889019574970007
1679,6137,0.08892198093235493
1679,6202,0.08882209658622742
1679,6549,0.0956919975578785
1679,6591,0.09596196468919516
1679,6957,0.12078904546797276
1679,7344,0.152497086673975
1679,8192,0.1500330399721861
2048,256,0.03159709740430117
2048,266,0.031886971555650234
2048,512,0.032998970709741116
2048,659,0.03455206751823425
2048,1024,0.03766606096178293
2048,1737,0.046979053877294064
2048,1805,0.04706007894128561
2048,2048,0.04965404514223337
2048,2343,0.05203799810260534
2048,2806,0.05927705205976963
2048,2996,0.062373001128435135
2048,3424,0.06856105756014585
2048,4013,0.07670396007597446
2048,4096,0.0767239835113287
2048,4175,0.0776549568399787
2048,4491,0.08172099478542805
2048,5953,0.13904704246670008
2048,6137,0.149692059494555
2048,6202,0.1442639622837305
2048,6549,0.15657301992177963
2048,6591,0.15632202848792076
2048,6957,0.15973695553839207
2048,7344,0.1700929133221507
2048,8192,0.19099400378763676
2100,256,0.031637027859687805
2100,266,0.03180699422955513
2100,512,0.033059041015803814
2100,659,0.034720986150205135
2100,1024,0.03881694283336401
2100,1737,0.04803098272532225
2100,1805,0.04702899605035782
2100,2048,0.049152993597090244
2100,2343,0.052187941037118435
2100,2806,0.05937798414379358
2100,2996,0.06325403228402138
2100,3424,0.0685020349919796
2100,4013,0.07673399522900581
2100,4096,0.07694389205425978
2100,4175,0.07775600533932447
2100,4491,0.08188211359083652
2100,5953,0.1496929908171296
2100,6137,0.1443149521946907
2100,6202,0.15229603741317987
2100,6549,0.15212595462799072
2100,6591,0.15180499758571386
2100,6957,0.16250205226242542
2100,7344,0.1750689698383212
2100,8192,0.20778796169906855
2277,256,0.03180699422955513
2277,266,0.03206799738109112
2277,512,0.03153702709823847
2277,659,0.034671975299715996
2277,1024,0.03882800228893757
2277,1737,0.04805100616067648
2277,1805,0.05007407162338495
2277,2048,0.05113601218909025
2277,2343,0.05619390867650509
2277,2806,0.06337394006550312
2277,2996,0.06442598532885313
2277,3424,0.07049401756376028
2277,4013,0.08105102460831404
2277,4096,0.08182111196219921
2277,4175,0.07980898953974247
2277,4491,0.08500705007463694
2277,5953,0.1559120137244463
2277,6137,0.1515350304543972
2277,6202,0.15726301353424788
2277,6549,0.16713805962353945
2277,6591,0.16996299382299185
2277,6957,0.17876503989100456
2277,7344,0.1911739818751812
2277,8192,0.26298000011593103
4096,256,0.032989075407385826
4096,266,0.03309908788651228
4096,512,0.03875698894262314
4096,659,0.03971904516220093
4096,1024,0.05008408334106207
4096,1737,0.06856198888272047
4096,1805,0.06952299736440182
4096,2048,0.07467996329069138
4096,2343,0.0808399636298418
4096,2806,0.1044049859046936
4096,2996,0.14121003914624453
4096,3424,0.15317799989134073
4096,4013,0.1870879204943776
4096,4096,0.19114394672214985
4096,4175,0.20296103321015835
4096,4491,0.25352591183036566
4096,5953,0.4186710575595498
4096,6137,0.43482601176947355
4096,6202,0.4403140628710389
4096,6549,0.473944004625082
4096,6591,0.47589605674147606
4096,6957,0.5085560260340571
4096,7344,0.5390199366956949
4096,8192,0.6087740184739232
5011,256,0.03472203388810158
5011,266,0.03477197606116533
5011,512,0.03781693521887064
5011,659,0.04526693373918533
5011,1024,0.054209958761930466
5011,1737,0.0757420202717185
5011,1805,0.07954798638820648
5011,2048,0.0846360344439745
5011,2343,0.12291304301470518
5011,2806,0.1545289997011423
5011,2996,0.16695796512067318
5011,3424,0.20515499636530876
5011,4013,0.2919130492955446
5011,4096,0.3078270237892866
5011,4175,0.32872799783945084
5011,4491,0.37239305675029755
5011,5953,0.5323709920048714
5011,6137,0.5510889459401369
5011,6202,0.5560260033234954
5011,6549,0.5894049536436796
5011,6591,0.5925099831074476
5011,6957,0.6284329574555159
5011,7344,0.6683120736852288
5011,8192,0.7632829947397113
5100,256,0.03465195186436176
5100,266,0.035332050174474716
5100,512,0.0398589763790369
5100,659,0.04496693145483732
5100,1024,0.05623302422463894
5100,1737,0.07649394683539867
5100,1805,0.07975904736667871
5100,2048,0.08314300794154406
5100,2343,0.13620208483189344
5100,2806,0.1566320424899459
5100,2996,0.1706529874354601
5100,3424,0.21735206246376038
5100,4013,0.3081870963796973
5100,4096,0.32170803751796484
5100,4175,0.3346370067447424
5100,4491,0.38394995499402285
5100,5953,0.5468219751492143
5100,6137,0.5589700303971767
5100,6202,0.5655200220644474
5100,6549,0.6047979695722461
5100,6591,0.6053089164197445
5100,6957,0.6420430727303028
5100,7344,0.6819729460403323
5100,8192,0.7802179316058755
5223,256,0.03475206904113293
5223,266,0.03575300797820091
5223,512,0.0398589763790369
5223,659,0.043996027670800686
5223,1024,0.056224060244858265
5223,1737,0.07923797238618135
5223,1805,0.07978896610438824
5223,2048,0.08797994814813137
5223,2343,0.13613200280815363
5223,2806,0.16265199519693851
5223,2996,0.1748100621625781
5223,3424,0.23771298583596945
5223,4013,0.3251029411330819
5223,4096,0.3288090229034424
5223,4175,0.3439909778535366
5223,4491,0.39320404175668955
5223,5953,0.5578580312430859
5223,6137,0.5729709519073367
5223,6202,0.582854961976409
5223,6549,0.6166159873828292
5223,6591,0.6180780474096537
5223,6957,0.6565749645233154
5223,7344,0.6947809597477317
5223,8192,0.8021610556170344
7134,256,0.03779598046094179
7134,266,0.03675511106848717
7134,512,0.04701002035290003
7134,659,0.05112495273351669
7134,1024,0.06939296144992113
7134,1737,0.13819499872624874
7134,1805,0.14308304525911808
7134,2048,0.1651060301810503
7134,2343,0.1992359757423401
7134,2806,0.3001249860972166
7134,2996,0.3368399338796735
7134,3424,0.4154669586569071
7134,4013,0.503688002936542
7134,4096,0.5104179726913571
7134,4175,0.530518009327352
7134,4491,0.5762650398537517
7134,5953,0.7756120758131146
7134,6137,0.8031820179894567
7134,6202,0.8096019737422466
7134,6549,0.8604279719293118
7134,6591,0.8653940167278051
7134,6957,0.9124450152739882
7134,7344,0.9674360044300556
7134,8192,1.130608026869595
8192,256,0.03687397111207247
8192,266,0.03883708268404007
8192,512,0.05009397864341736
8192,659,0.056213000789284706
8192,1024,0.07470091804862022
8192,1737,0.15674298629164696
8192,1805,0.1627509482204914
8192,2048,0.20100909750908613
8192,2343,0.2706620143726468
8192,2806,0.3773510688915849
8192,2996,0.41451596189290285
8192,3424,0.4900679923593998
8192,4013,0.5889049498364329
8192,4096,0.5991000216454268
8192,4175,0.6160950288176537
8192,4491,0.6644770037382841
8192,5953,0.8989539928734303
8192,6137,0.9294199990108609
8192,6202,0.9373519569635391
8192,6549,0.9956990834325552
8192,6591,0.9988229721784592
8192,6957,1.057029003277421
8192,7344,1.1235279962420464
8192,8192,1.2931600213050842
8905,256,0.03881799057126045
8905,266,0.03986898809671402
8905,512,0.051126000471413136
8905,659,0.0572550343349576
8905,1024,0.07879710756242275
8905,1737,0.1708739437162876
8905,1805,0.18166005611419678
8905,2048,0.24819793179631233
8905,2343,0.3166600363329053
8905,2806,0.4241189453750849
8905,2996,0.46097394078969955
8905,3424,0.5394309991970658
8905,4013,0.6447969935834408
8905,4096,0.6554529536515474
8905,4175,0.6735199131071568
8905,4491,0.7270999485626817
8905,5953,0.9856329998001456
8905,6137,1.0159480152651668
8905,6202,1.027295016683638
8905,6549,1.0901889763772488
8905,6591,1.093763974495232
8905,6957,1.159181003458798
8905,7344,1.226671040058136
8905,8192,1.4064980205148458
9032,256,0.038928003050386906
9032,266,0.03980891779065132
9032,512,0.051126000471413136
9032,659,0.05970802158117294
9032,1024,0.07969897706061602
9032,1737,0.17577200196683407
9032,1805,0.18951098900288343
9032,2048,0.25556900072842836
9032,2343,0.3246020060032606
9032,2806,0.4311299417167902
9032,2996,0.46880601439625025
9032,3424,0.5501769483089447
9032,4013,0.6539609748870134
9032,4096,0.6654380122199655
9032,4175,0.6824330193921924
9032,4491,0.7380550960078835
9032,5953,1.0040709748864174
9032,6137,1.0365789057686925
9032,6202,1.0508699342608452
9032,6549,1.1137439869344234
9032,6591,1.1201929301023483
9032,6957,1.186220906674862
9032,7344,1.255833893083036
9032,8192,1.424115034751594
9336,256,0.03883696626871824
9336,266,0.039860024116933346
9336,512,0.052127987146377563
9336,659,0.06237206980586052
9336,1024,0.08240190800279379
9336,1737,0.1890599960461259
9336,1805,0.20441401284188032
9336,2048,0.26659597642719746
9336,2343,0.35005994141101837
9336,2806,0.45139098074287176
9336,2996,0.4899880150333047
9336,3424,0.572360004298389
9336,4013,0.6767549784854054
9336,4096,0.6888830102980137
9336,4175,0.7061879150569439
9336,4491,0.7657370297238231
9336,5953,1.0527429403737187
9336,6137,1.0824670316651464
9336,6202,1.095326035283506
9336,6549,1.1591908987611532
9336,6591,1.1672640684992075
9336,6957,1.2352429330348969
9336,7344,1.3062700163573027
9336,8192,1.4722159830853343
12660,256,0.04539696965366602
12660,266,0.044005922973155975
12660,512,0.0633950112387538
12660,659,0.07668393664062023
12660,1024,0.14828098937869072
12660,1737,0.35114202182739973
12660,1805,0.3722329856827855
12660,2048,0.4450409905984998
12660,2343,0.5289249820634723
12660,2806,0.6422840524464846
12660,2996,0.6912369281053543
12660,3424,0.8053160272538662
12660,4013,0.9627100080251694
12660,4096,0.9815869852900505
12660,4175,1.0088379494845867
12660,4491,1.0873550781980157
12660,5953,1.4687500661239028
12660,6137,1.5018499689176679
12660,6202,1.5143080381676555
12660,6549,1.5982729382812977
12660,6591,1.6113630263134837
12660,6957,1.6988820862025023
12660,7344,1.7888760194182396
12660,8192,1.989113981835544
13736,256,0.04583899863064289
13736,266,0.046989996917545795
13736,512,0.06840203423053026
13736,659,0.08080992847681046
13736,1024,0.1536480849608779
13736,1737,0.3990629920735955
13736,1805,0.42071391362696886
13736,2048,0.4905590321868658
13736,2343,0.5719789769500494
13736,2806,0.714510097168386
13736,2996,0.7635329384356737
13736,3424,0.8877880172803998
13736,4013,1.0541649535298347
13736,4096,1.0757270501926541
13736,4175,1.1020860401913524
13736,4491,1.187073066830635
13736,5953,1.5858140541240573
13736,6137,1.626805984415114
13736,6202,1.6425879439339042
13736,6549,1.733193057589233
13736,6591,1.7420669319108129
13736,6957,1.8406430026516318
13736,7344,1.9379369914531708
13736,8192,2.157923998311162
14226,256,0.048012007027864456
14226,266,0.04703993909060955
14226,512,0.0695129856467247
14226,659,0.08185196202248335
14226,1024,0.1647239550948143
14226,1737,0.41926198173314333
14226,1805,0.43931195978075266
14226,2048,0.5168869392946362
14226,2343,0.6019140128046274
14226,2806,0.7382059702649713
14226,2996,0.7959520444273949
14226,3424,0.9254239266738296
14226,4013,1.09383394010365
14226,4096,1.1162179289385676
14226,4175,1.1435879860073328
14226,4491,1.2317090295255184
14226,5953,1.6444320790469646
14226,6137,1.6866540536284447
14226,6202,1.6996240010485053
14226,6549,1.7978691030293703
14226,6591,1.80599105078727
14226,6957,1.9040569895878434
14226,7344,2.0091929472982883
14226,8192,2.233405946753919
14260,256,0.047079985961318016
14260,266,0.04781095776706934
14260,512,0.06955303251743317
14260,659,0.08185103069990873
14260,1024,0.16459508333355188
14260,1737,0.42121601291000843
14260,1805,0.4415259463712573
14260,2048,0.518849934451282
14260,2343,0.6056990241631866
14260,2806,0.7381059695035219
14260,2996,0.7975440239533782
14260,3424,0.9267060086131096
14260,4013,1.0959669016301632
14260,4096,1.1180700967088342
14260,4175,1.1485450668260455
14260,4491,1.2339618988335133
14260,5953,1.645082957111299
14260,6137,1.6889279941096902
14260,6202,1.7026480054482818
14260,6549,1.798801007680595
14260,6591,1.8104990012943745
14260,6957,1.9098459742963314
14260,7344,2.0147610921412706
14260,8192,2.2396660642698407
15501,256,0.04781107418239117
15501,266,0.04962400998920202
15501,512,0.07058493793010712
15501,659,0.08690892718732357
15501,1024,0.18351199105381966
15501,1737,0.4660720005631447
15501,1805,0.4877150058746338
15501,2048,0.5636670393869281
15501,2343,0.6659890059381723
15501,2806,0.812546000815928
15501,2996,0.875839963555336
15501,3424,1.015598070807755
15501,4013,1.1934619396924973
15501,4096,1.216186094097793
15501,4175,1.2472319649532437
15501,4491,1.33863789960742
15501,5953,1.7928919987753034
15501,6137,1.8348039593547583
15501,6202,1.8544839695096016
15501,6549,1.951887970790267
15501,6591,1.9636759534478188
15501,6957,2.0739989122375846
15501,7344,2.185164950788021
15501,8192,2.4305180413648486
16384,256,0.050103990361094475
16384,266,0.051066046580672264
16384,512,0.07464108057320118
16384,659,0.09105505887418985
16384,1024,0.20969100296497345
16384,1737,0.4969380097463727
16384,1805,0.5272629205137491
16384,2048,0.6049280054867268
16384,2343,0.7103639654815197
16384,2806,0.8659049635753036
16384,2996,0.9285090491175652
16384,3424,1.0739839635789394
16384,4013,1.2624950613826513
16384,4096,1.2851080391556025
16384,4175,1.3172361068427563
16384,4491,1.4180749421939254
16384,5953,1.8911079969257116
16384,6137,1.9386180210858583
16384,6202,1.9573270110413432
16384,6549,2.0628729835152626
16384,6591,2.076523960568011
16384,6957,2.188930055126548
16384,7344,2.313826000317931
16384,8192,2.568232943303883
